Time,suosittelu,hyvaa,loppuun_syy_2,loppuun_syy_3,loppuun_syy_4,loppuun_syy_5,loppuun_syy_6,loppuun_syy_7,loppuun_syy_8,loppuun_syy_9,loppuun_syy_10,sisallot_1,kehitettava,sisallot_2,sisallot_3,sisallot_4,sisallot_5,sisallot_6,sisallot_7,sisallot_8,sisallot_9,sisallot_10,sisallot_11,lisaa,sisallot_12,sisallot_13,sisallot_14,sisallot_15,sisallot_16,sisallot_17,sisallot_18,sisallot_19,sisallot_20,sisallot_21,pois,sisallot_22,hyoty_1,hyoty_2,hyoty_3,hyoty_4,hyoty_5,hyoty_6,hyoty_7,hyoty_8,miten_loysit,nopeus,loppuun,kesken_syy,loppuun_syy_1
2016-07-03 15:05:58.313546+00:00,6,Sis√§lt√∂ selke√§ ja havainnollinen.,2,2,1,0,1,1,0,1,0,3,"V√§lill√§ teknisi√§ ongelmia. Esim. pisteet eiv√§t tallennu, vaikka etenet. Diplomity√∂ ja vertaispalaute piti tehd√§ jo toukokuussa. Ei ole aina selv√§√§ onnistuuko t√∂iden l√§hett√§minen. ",1,4,4,1,4,4,4,3,4,3,,1,1,1,2,1,3,3,3,4,4,,4,3,4,4,4,2,2,2,1,3,2,0,,2
2016-06-28 11:04:55.268100+00:00,7,Kurssimateriaali oli selke√§t√§. Teksti oli hyvin kirjoitettua.,2,1,1,1,2,1,1,1,1,2,Kurssisis√§lt√∂.,1,3,3,2,3,3,3,3,3,3,Olisin toivonut enemm√§n koodin kirjoittamista valmiiden koodilaatikoiden vet√§misen sijaan.,3,3,3,3,3,3,2,3,4,4,Sis√§lt√∂aiheet olivat mielest√§ni ihan hyv√§t. ,3,2,3,2,2,3,2,3,2,3,2,0,,0
2016-06-27 17:37:45.870902+00:00,7,"Sai opiskella itsen√§isesti omaan tahtiin kotona. Hieno materiaali, hyvi√§ teoriatiivistelmi√§ ja teht√§vi√§. Sopiva vaikeustaso.",2,0,1,0,2,0,0,0,2,3,"Lopussa olevasta pedagogisesta suunnitteluteht√§v√§st√§ pit√§isi informoida paremmin. Nyt ainakin minulle tuli yll√§tyksen√§, ett√§ se piti olla valmiina jo toukokuun puoliv√§liss√§. Tuli kiire, mutta jotenkin sain teht√§v√§n tehty√§. Olisin halunnut tehd√§ sen huolellisemmin, mutta nyt aika ei siihen riitt√§nyt parempaan. Yksi kouluni opettajista j√§tti kurssin t√§ss√§ vaiheessa kesken, kun h√§nkin oli luullut, ett√§ lopputy√∂n voi tehd√§ kes√§ll√§. Toukokuun kiireiss√§ t√§llaiseen ei oikein aika riitt√§isi.",0,3,3,1,3,3,3,3,3,3,"Oikeita ohjelmointiteht√§vi√§ voisi lis√§t√§. Olin my√∂s Racket-kurssilla samaan aikaan ja siell√§ joutui 'oikeasti ohjelmoimaan', siit√§ ehk√§ oppi paremmin.",1,1,1,3,1,3,3,3,4,4,En mit√§√§n. Oli hyvin tehty kurssi!,1,2,1,4,4,3,3,2,1,3,3,0,,0
2016-06-20 10:46:08.302627+00:00,8,"Selke√§t teht√§v√§t, joissakin kohdin sai mietti√§ pitk√§√§nkin, mutta ratkaisu kuitenkin l√∂ytyi.",2,2,1,2,2,1,1,2,0,3,-,1,3,2,2,2,3,3,2,3,2,-,2,2,2,3,2,3,3,2,3,3,En mit√§√§n,3,1,4,3,4,3,3,2,4,1,2,0,,0
2016-06-20 07:46:42.296697+00:00,0,Kurssi eteni kivasti tasolta toiselle,,,,,,,,,,1,"Ajankohta, kev√§t ja opettajan kiireet, liian suuri paketti.",0,4,2,2,1,1,1,1,2,1,"Olin varautunut, ett√§ teen paketin loppuun nyt kes√§ll√§, jolloin olisin voinut keskitty√§ pitk√§kestoisemmin kerralla (jossain luki ett√§ hein√§kuun loppuun auki), mutta se ei onnistukaan!!",1,1,1,2,2,2,2,0,4,4,"Miksi kyselyss√§ t√§ytyy vastata kurssin sis√§lt√∂asioihin, jos ei ehtinyt suorittaa kurssia?? Ei p√§√§ssyt l√§hett√§m√§√§n vastauksia ilman niihin vastaamista. 
 Nyt n√§pytellyt pakkovastaukset v√§√§rist√§v√§t teid√§n kysely√§. 
 Tuleeko uusi mahdollisuus, olen kiinnostunut kurssista.",1,2,2,2,2,2,2,2,2,4,2,1,2,
2016-06-20 07:19:01.343723+00:00,9,"Eteneminen oli sopivaa, vaikka minulta j√§i kurssi kesken. Syksyll√§ uusi yritys.",,,,,,,,,,4,,0,4,4,0,4,4,4,4,4,4,,2,2,4,4,4,4,4,1,3,3,,3,3,3,3,3,3,3,3,3,5,2,1,1;5,
2016-06-20 06:52:42.142078+00:00,7,Luentomateriaali ja teht√§v√§t,,,,,,,,,,3,"10 - 15 sivun palautettava pedagoginen suunnitteluteht√§v√§ oli turhan vaativa ty√∂n ohessa teht√§v√§ksi. Siit√§ pit√§isi informoida enemm√§n kurssin alussa. Huomasin sen vasta, kun palautukseen oli aikaa en√§√§ pari kolme viikkoa.",1,4,3,1,3,3,3,3,3,3,,2,3,3,3,2,2,3,3,3,3,,3,3,3,3,4,2,2,2,2,3,3,1,3;4;8,0
2016-06-20 05:48:41.280041+00:00,2,"kurssi oli pilkottu osiin, teht√§v√§t oli helppo suorittaa. ",2,2,2,1,1,0,0,0,0,3,"Voisiko kurssilla olla enemm√§n sellaista ohjelmointia, jota tarvitaan yl√§koulussa, Tarkoitan sellaista yksinkertaisempaa. Fiilist√§ madalsi se ett√§ versioiden takia kaikki ei toiminut kuten ohjeissa oli tai ei toiminut mitenk√§√§n (kuvat). ",2,2,2,3,2,3,2,2,3,3,Yksinkertaisimipia asioita.,2,2,2,2,2,2,2,3,3,3,,2,2,2,3,3,3,3,3,3,5,2,0,,1
2016-06-19 19:15:19.501755+00:00,7,,,,,,,,,,,2,"Tiukkojen v√§lideadlinejen sijaan olisin toivonut joustavampaa aikatauluja, ainakin alussa aikataulut n√§yttiv√§t joustamattomilta ja siksi kurssi j√§i suorittamatta.
 
 Palautelomakkeessa oli pakko antaa kolmosta, vaikka en suorittanut osioita ollenkaan.",2,2,2,2,2,2,2,2,2,2,,2,2,2,2,2,2,2,2,2,2,,2,2,2,2,2,2,2,2,2,1,,1,5,
2016-06-19 07:58:40.383044+00:00,6,Helppoa edet√§. Sai tehty√§ v√§h√§n kerrallaan. Aloitettiin riitt√§v√§n helposta. Hyv√§ opettajille.,2,2,1,0,0,0,0,0,2,3,"Kuvank√§sittely√§ v√§hemm√§n ja enemm√§n yksinkertaisia koodausteht√§vi√§. Varsinaista koodin kirjoitusta. 
 
 Lopputy√∂n aikataulu oli opettajan kannalta j√§rkytt√§v√§n huono. Kev√§t aina todella kiireinen muutenkin. Parannusehdotus -> kurssiaikataulu tiiviimm√§ksi ja lopputy√∂lle enemm√§n aikaa. Tai ei pakosti enemp√§√§ aikaa, mutta aikaisemmin aloitus. ",1,3,3,1,3,3,3,2,3,3,"Helppoja teht√§vi√§, joissa pit√§√§ itse kirjoittaa koko koodi.",3,3,3,2,3,3,1,2,3,3,Kuvan k√§sittelyt ainakin tuossa laajuudessa.,2,3,3,3,3,2,1,3,0,3,1,0,,0
2016-06-19 07:17:37.217615+00:00,8,"Kurssilla k√§ytiin hyvin syvent√§v√§sti ohjelmointiin liittyvi√§ asioita. Lis√§ksi k√§ytetyn kielen erityispiirteet selvitettiin erinomaisesti ja se, miten kieli toimii verrattuna johonkin toiseen kieleen.",2,2,1,0,2,0,0,0,0,4,"Kaipaisin erilaisia k√§yt√§nn√∂llisi√§ harjoitteita lis√§√§, nyt oli paljon valmiita (mutta hyvi√§) esimerkkej√§ joita k√§ytiin l√§pi. rakoittaa ett√§ itse teht√§vi palautettavia harjoituksia kuin esim Aalto-yliopiston MOOC-kurssissa oli.",0,4,3,1,4,4,4,3,4,4,Ohjelmointiharjoituksia lis√§√§.,0,0,2,4,2,3,4,4,4,4,"En yht√§√§n mit√§√§n, kaikki asiat olivat tarpeellisia.",4,1,3,3,4,4,3,3,0,5,2,0,,0
2016-06-19 07:17:21.499405+00:00,9,"Asiasisall√∂n lisaksi kommentteja siita, etta 'tama voi olla oppilaille vaikeaa ymmartaa (esim.variables).
 
 Suoritettavien tehtavien taso.
 
 Kurssiosuuksien sisalt√∂ oli sopiva annettuun aikaan nahden.
 
 Hyva kurssi!",2,2,2,0,2,0,0,2,0,4,"Minulla ei ollut aikaa tehda lopputy√∂ta, mutta suoritin kaikki tehtavat. Haluaisin saada osallistumistodistuksen.",0,4,4,0,4,4,4,3,4,4,"Harjoitustehtavia.
 
 Paljon esimerkkeja, mita harjoitustehtavia oppilaille voisi antaa.",0,0,0,2,3,3,3,4,4,4,Pixel tehtavat.,4,1,4,4,4,2,2,2,3,5,2,0,,1
2016-06-19 07:09:22.505460+00:00,9,Perusteellisuus. Helposti suoritettavia teht√§vi√§. Osallistujaa tuettiin hyvin teht√§viss√§. Sai hyvi√§ vinkkej√§.,2,2,2,2,1,1,1,1,1,4,"Ohjeistuksiin viel√§ selkeytyst√§, koska niin monella tuli viel√§ kysymyksi√§ kurssin eri vaiheiden suorittamiseen liittyen.",0,4,4,0,4,4,4,3,4,4,,2,1,1,2,1,4,4,4,4,4,,4,4,4,4,4,4,4,4,4,1,2,0,,0
2016-06-17 15:07:07.528373+00:00,8,Helppo alusta,2,2,1,0,0,0,0,0,1,1,,3,4,1,3,3,2,3,2,4,3,,3,3,4,3,3,3,2,3,3,3,,3,4,3,3,3,2,3,3,2,3,2,0,,1
2016-06-16 20:34:19.837252+00:00,6,P√§√§si etenem√§√§n melko jouhevasti. Pedagogisissa teht√§viss√§ mielenkiintoisia juttuja.,2,0,0,0,0,0,0,0,0,1,"Keskustelupalstalla oli paljon ihmettelevi√§ ihmisi√§. Joku selkeys hommiin.
 Ohjeet pit√§isi l√∂yty√§ thdest√§ paikast! Ei niin, ett√§ v√§lill√§ tulee joku meili, jota saa sitten etsi√§ ja ihmetell√§, miss√§ se tarvitsemani tieto on.
 Lis√§ksi pedagogiset teht√§v√§t voisi ryhmitell√§ ainealueitrain, saisi enemm√§n irti. Nyt ei saanut mit√§√§n omaan aineeseen liittyv√§√§.",2,3,0,4,3,3,1,2,3,2,Selkeytt√§ ja etuk√§teistiedot aikatauluista ja vaadittavista teht√§vist√§. Pedagogiseen teht√§v√§√§n liittyv√§t asiat tulivat yll√§tyksen√§. Siihen annettu aika oli suhteessa hyvin lyhyt.,2,3,3,1,3,3,3,2,3,3,,0,2,2,4,4,0,3,1,0,1,2,0,,1
2016-06-16 15:08:59.105026+00:00,7,"Selke√§t ja mukavat teht√§v√§t, hyv√§t esimerkit.",2,2,1,1,2,2,1,1,1,3,,1,3,3,2,3,3,3,2,3,2,,3,3,3,3,3,3,3,3,3,3,,3,2,3,3,3,2,3,3,2,3,2,0,,1
2016-06-16 05:59:47.128638+00:00,7,"Paljon esimerkkej√§, jotka olivat my√∂s hyvin selitettyj√§.
 Suoritusten jaksottaminen: tietty m√§√§r√§teht√§vi√§ valmiiksi tiettyyn p√§iv√§√§n menness√§.
 Teht√§v√§t, joissa koodirivej√§ oli itse j√§rjestett√§v√§ toimivaksi ohjelmaksi.
 Pedagogisen suunnittelutet√§v√§n vertaispalauteosio oli hyv√§.",2,2,0,1,2,2,0,0,2,4,"Pedagoginen suunnitteluteht√§v√§ oli sin√§ns√§ ok, mutta ajoitus/ty√∂ laajuus ei ollut kohdallaan. Ty√∂ piti tehd√§ ajankohtana, jolloin opettajalla on lukuvuoden kiireisin ajanjakso p√§√§tt√∂arviointeineen suoritettavana. Suunnitteluteht√§v√§n sis√§lt√∂ voisi painottua sellaisiin teht√§viin, jotka olisivat suoraan viet√§viss√§ oppitunnille
 
 
 ",1,4,4,1,4,4,4,2,4,3,"Olisin kaivannut v√§h√§n lis√§√§ sellaisilla teht√§vill√§, joissa koodia olisi pakko kirjoittaa itse.
 
 Oppilaat kaipaavat vuorovaikutteisia ohjelmia. Lis√§√§ esimerkkej√§, jotka antavat pohjaa pienten pelien/kilpailujen rakentamiseen.",2,2,2,3,2,4,3,3,3,4,Ehk√§ v√§hent√§isin v√§h√§n teht√§vien m√§√§r√§√§.,2,2,3,3,4,2,3,3,0,3,2,0,,1
2016-06-15 19:43:46.428351+00:00,6,"Helpot teht√§v√§t, tutustui Python-ohjelmointikieleen ja sen mahdollisuuksiin.",2,0,0,1,1,0,0,0,0,2,,2,3,3,2,3,2,2,0,3,3,"Enemm√§n teht√§vi√§, joissa saa k√§ytt√§√§ luovuuttaan ‚Äì kuten koodiaapisen muilla linjoilla.",1,1,0,1,1,0,0,3,3,3,,1,3,3,1,3,3,3,3,3,5,2,0,,0
2016-06-15 16:27:22.555066+00:00,8,Mahdollisuus opiskella omaan tahtiin ty√∂n ohessa. Kurrsin sis√§lt√∂ oli hyv√§.,2,2,0,2,1,0,,0,0,2,Verkko-opiskeluymp√§rist√∂st√§ puuttui kokonaan tiedotuspalsta ajankohtaisista asioista. Aikataulusta ei ole tiedotettu lainkaan. Palautusaikoja muuteltiin kesken kaiken. Edelleenk√§√§n en n√§e toista saamaani vertaispalautetta. ,1,3,2,2,2,3,3,2,3,2,Tiedotusta kurssin aikatauluista.,2,2,2,2,2,2,3,3,3,3,en mit√§√§n.,2,4,2,2,4,2,3,4,3,5,2,0,,1
2016-06-15 16:00:12.159825+00:00,8,Python opeteltiin hyvin lyhyess√§ ajassa ja materiaali oli selke√§√§.,2,2,2,1,2,1,1,1,2,4,Palautusp√§iv√§m√§√§r√§t ja -ajat olivat v√§lill√§ hieman ep√§selvi√§.,0,4,4,0,3,4,4,4,4,3,,3,1,1,4,1,4,4,4,4,4,,4,4,4,4,4,4,3,3,2,3,2,0,,2
2016-06-15 15:40:16.293211+00:00,7,Sain mielest√§ni aika kattavan ensikosketuksen koodaamiseen. Ajatus koodauksen opettamisen aloittamisesta ei tunnu en√§√§ yht√§√§n niin pelottavalta kuin ennen kurssia. Ja odotan jo innolla ty√∂nantajan j√§rjest√§m√§√§ koodauskoulutusta.,2,1,1,2,1,0,0,0,0,4,"Osa opetusmateriaalista oli kirjoitettu ilmeisesti koodauksen ammattisanastolla, joten sen lukeminen ja ymm√§rt√§minen oli toisinaan haastavaa. (Suurin osa materiaalista oli onneksi kirjoitettu ihan n√§in maallikon ymm√§rt√§m√§ll√§ kielell√§)
 
 T√§m√§ miten saa todistuksen, miten opintopisteet saa, mit√§ t√§ytyy tehd√§ mihinkin p√§iv√§m√§√§r√§√§n menness√§ oli hieman sekavaa. Esim. odottelin jo todistusta t√§st√§ kurssista ja sitten yll√§tykseksi huomasin ett√§ sivustolle on auennut t√§m√§ loppupalaute. Ymm√§rr√§n, ett√§ kurssia j√§rjestet√§√§n ensimm√§isi√§ kertoja, mutta oman kurssin suorittamisen kannalta olisi helpottavaa, jos etuk√§teen tiet√§isi mit√§ t√§ytyy tehd√§ ja mihin p√§iv√§m√§√§r√§√§n menness√§.
 
 Minulla oli ongelmia googlen-tunnuksilla kirjautua koodiaapiseen silloin t√§ll√∂in. Esim. ty√∂paikan koneelta kirjautuminen ei toiminut, joten hyppytunteja ei voinut hy√∂dynt√§√§ t√§m√§n kurssin suorittamiseen. Lis√§ksi v√§lill√§ my√∂s kotikoneelta kirjautuessa googlen tunnus herjaili ja vaati todistusta etten ole robotti. Olisin kaivannut jotain muuta kirjautumistapaa.",0,4,4,3,3,3,4,2,4,2,"Teht√§vi√§, joissa olisi itse p√§√§ssyt kokeilemaan koodin kirjoittamista.",3,3,4,2,3,4,3,3,3,3,"Jotkut kuvanmuokkauksen teht√§v√§t tuntuivat teenn√§isilt√§. V√§rin vaihtamiset ja erilaiset aluevalinnat olivat ok, mutta esim. peilauksissa ja kuvan palasiksi laittamis ja palasten uudelleen j√§rjest√§mis teht√§v√§t saivat ajattelemaan 'mihin j√§rkev√§√§n t√§t√§ voi k√§ytt√§√§'.",3,3,2,3,4,2,3,1,3,3,2,0,,0
2016-06-15 14:23:36.886297+00:00,7,"Paljon erilaisia esimerkkej√§, joiden avulla pystyi ymm√§rt√§m√§√§n ohjelmien rakenteita ja ratkaisemaan teht√§v√§t. Sis√§lt√∂ oli monipuolista ja useaan eri oppiaineeseen soveltuvaa. Oikein toimiva kokonaisuus.",2,2,1,1,1,0,0,1,2,3,"V√§lill√§ olin ihan pihalla, olenko tehnyt kaikki teht√§v√§t: osa oli ik√§√§n kuin k√§tketty eik√§ heti √§lynnyt, ett√§ ne pit√§√§ tehd√§. 
 
 Jossain kohtaa piti avautua uusi juttu, mutta ei se sitten auennutkaan ja itse ihmetteli mieless√§√§n, miss√§ on vika. Vikaa ei ollut vaan joku siell√§ p√§√§ss√§ oli unohtanut aktivoida linkin. Se turhauttaa, mutta niinp√§ vaan muillekin k√§y niin, ettei joku juttu n√§y oppilaille, vaikka itse luulee oikein tekev√§ns√§.",0,4,4,1,3,3,4,2,4,3,"Ehk√§ enemm√§n kurssilla olleiden yhteisty√∂t√§ tai jollain muulla tavalla yhteis√∂llisyytt√§. Nyt tuntui, ett√§ tekee ihan yksin t√§t√§ ja tappelee jonkun pienen ongelman kanssa eik√§ apua saa mist√§√§n tai ei osaa hakea tai ei kehtaa kysy√§, kun kysymys on niin tyhm√§. ",1,1,0,3,2,3,3,3,3,3,"En osaa nyt poistaa mit√§√§n. Ehk√§ alussa olisi voinut selvemmin tulla esiin, ett√§ tehd√§√§n lopputy√∂, jonka piti olla jopa 10 sivun mittainen. Sen ajankohta oli opettajalle ehk√§ huonoin mahdollinen. ",1,3,3,3,4,4,3,4,3,3,2,0,,0
2016-06-15 12:31:34.263368+00:00,8,Se ei ollut liian vaikea.,1,1,0,0,0,0,0,1,1,3,Pedagoginen suunnitteluteht√§v√§ oli aivan liian haastava!,1,3,3,1,3,3,3,3,3,3,-,2,2,2,3,2,3,3,3,3,3,Pedagogisen suunnitteluteht√§v√§n laajuus pienemm√§ksi.,3,3,3,3,2,2,2,3,3,3,2,0,,2
2016-06-14 19:22:55.294794+00:00,5,,2,1,0,1,0,0,0,0,1,1,,2,3,3,3,1,1,1,1,3,3,,2,1,1,1,1,1,1,3,4,4,,3,1,1,1,2,3,3,3,3,3,2,0,,2
2016-06-14 15:34:24.644415+00:00,5,"Ohjeet olivat selke√§t ja kurssia oli helppo suorittaa itsen√§isesti. Esimerkkej√§ oli paljon (v√§lill√§ ehk√§ liikaakin teoriaa yhdell√§ kertaa) ja ne olivat selkeit√§. V√§lill√§ tuli kiire teht√§vien tekemisen kanssa, mutta muuten hyv√§, ett√§ aineisto oli jaettu avautumaan osissa niin tekemisess√§ pysyi jokin tahti.
 ",2,1,2,1,0,0,0,0,1,3,"Olisin ehk√§ kaivannut kurssin aikana jotain samantyylist√§ teht√§v√§√§ kuin lopussa oleva pedagoginen teht√§v√§, jotta olisi voinut pienemm√§ss√§ mittakaavassa mietti√§ sit√§, miten ohjelmointi n√§kyisi omassa aineessa ja opetuksessa. Nyt oppimisteht√§v√§ j√§i minulla v√§h√§n erilleen kurssista, kun konkreettisia opetukseen sovellettavia teht√§vi√§ ei tullut tehty√§ kurssin aikana vaan vasta lopussa ja teht√§v√§ oli my√∂s aika laaja kerralla teht√§v√§ksi. Aikataulu ja laajuus juuri viimeisess√§ teht√§v√§ss√§ yll√§tti koulun kev√§tkiireiden keskell√§ ja olisi ollut hyv√§ tiet√§√§ ty√∂n laajuus ja juurikin palautusp√§iv√§t hyviss√§ ajoin ennakkoon. Teht√§v√§√§ oli kuitenkin ihan mielenkiintoinen tehd√§ ja sai soveltaa teoriaa k√§yt√§nt√∂√∂n. ",2,3,2,3,3,4,3,2,4,2,Enemm√§n olisin toivonut juuri tuollaisia pienempi√§ oppimisteht√§vi√§ yhden ison sijaan lopussa kuten yll√§ kirjoitin.,2,3,3,3,3,3,2,3,2,2,"Jotain teoriaosioita ehk√§, mutta en oikein osaa sanoa tarvitseeko jotain poistaa.",2,2,2,1,3,3,2,3,2,3,2,0,,0
2016-06-14 11:09:15.517690+00:00,7,"Se, ettei koneille tarvinnut asentaa erikseen Python-ohjelmistoa.",1,0,1,1,1,0,0,0,0,1,Ehk√§ voisi my√∂s tehd√§ esittelyn muista ohjelmointikielist√§ ja niiden hyvist√§ puolista ja k√§ytt√∂kohteista. Mihin ohjelmointia tarvitaan?,3,1,1,3,3,3,3,1,1,3,Jotenkin j√§in kaipaamaan enemm√§n yhteisi√§ asioita oikeiden kouluaineiden kanssa.,1,1,0,0,1,3,1,3,3,3,"Kuvien k√§sittelyn. Lis√§ksi kilpikonnaohjelmointi mietitytt√§√§, koska itse olen opiskellut sill√§ ohjelmointia 1980-luvulla. Kai 40 vuodessa on keksitty jo jotain uutta ohjelmointiin?",1,0,0,2,2,3,3,1,3,5,2,0,,0
2016-06-14 10:46:50.683085+00:00,8,Mukavia n√§k√∂kulmia pythonin eri ominaisuuksiin. Mielenkiintoinen lopputy√∂ jonka toteuttaminen oli kivaa ja hy√∂dyllist√§.,2,1,2,2,1,0,0,0,1,3,Selke√§t tiedot siit√§ milloinka kurssi on suoritettu. Itse en ole saanut viel√§ tietoa olenko kurssin l√§p√§issyt. Ohjeessa sanottiin ett√§ pit√§√§ arvioida kaksi ty√∂t√§. Rubyriciss√§ minulla on kolmen sarja. Jossa yhden olen arvioinut ja siin√§ lukee hyv√§ksytty alla  kaksi on punaisella. T√§m√§n alapuolella on yksitt√§inen kohta jossa lukee anonymous. Siin√§ olevassa kent√§ss√§ lukee hyv√§ksytty. Se on toinen arvioimistani t√∂ist√§. Lis√§ksi on aika hassua yritt√§√§ arvioida t√∂it√§ jos ohjeessa sanotaan ei tarvitse k√§ytt√§√§ pythonia. Ainakin itse nuo kaksi arviotani oli liirumlaarumia. Kriteereit√§ olisi hyv√§ tarkentaa ja v√§hent√§√§.,1,3,4,3,4,3,3,3,1,3,Ihan peruskoodusta. Varsinkin kirjastojen kanssa olisi kiva oppia pelaamaan jotta saisi opilaille v√§lill√§ mielenkiintoisia visuaalisia teht√§vi√§.,0,0,0,1,1,3,1,3,4,4,Laatikkoleikkienüòä  paikalle pieni√§ koodausharjoituksia.,2,3,3,1,1,4,1,2,1,5,2,0,,1
