ID	Linja	Ikä	Sukupuoli	Asuinpaikka	Työtilanne	Oppiaste	Oppiaineet	MOOC-kokemus	Aika-arvio	Ohjelmointi opetuksessa	Ohjelmointiympäristöt	Python-kokemus	Python-kirjallisuus	Päättelytehtävä1	Päättelytehtävä2	Päättelytehtävä3	Päättelytehtävä4	Päättelytehtävä5	Päättelytehtävä6	Päättelytehtävä7	Päättelytehtävä8	Päättelytehtävä9	Päättelytehtävä10	Päättelytehtävä11
348	ScratchJr	1	1	0	4	1	0	2	1	0	0													
312	ScratchJr	2	1	3	4	1;2;3		2	1	0	4													
757	ScratchJr	2	1	5	0	1;2	1	2	3	0	0													
429	ScratchJr	3	1	0	0	1	0	2	0	0	0													
905	ScratchJr	1	1	0	1	2	2;3;12;14	2	0	2	21													
213	ScratchJr	1	1	0	4	9		2	0	0	0													
222	ScratchJr	2	1	0	1	1;2	0	2	3	0	0													
643	ScratchJr	2	1	15	1	1	0;1	2	0	0	0													
546	ScratchJr	1	1	12	1	0;1;2	1	2	1	0	0													
780	ScratchJr	2	1	0	0	1	0	2	3	5	0													
376	ScratchJr	3	1	0	0	1;2	0	2	0	0	0													
145	ScratchJr	2	1	15	0	1	0	2	0	0	0													
522	ScratchJr	4	1	0	0	1	0	2	0	0	0													
317	ScratchJr	1	1	0	0	1	0	2	0	0	0													
377	ScratchJr	2	1	11	0	3;5	3;6;11	2	3	1;2;3	2;5;8;9;10;14;15;18;24													
815	ScratchJr	3	1	0	0	1;2	0	2	0	0	0													
720	ScratchJr	1	1	9	2	1;2	0;4	2	0	0	21													
764	ScratchJr	3	1	5	0	1;2	0	2	0	0	0													
920	ScratchJr	0	0	8	2	2	0;1	2	3	0	0													
533	ScratchJr	0	0	8	2	1;2	0	2	0	0	0													
395	ScratchJr	2	1	1	0	1	0	2	0	0	0													
670	ScratchJr	3	1	10	1	1	0	2	1	0	0													
178	ScratchJr	1	1	0	0	1	0	2	0	0	0													
86	ScratchJr	2	1	3	0	0		2	0	0	0													
338	ScratchJr	1	1	15	1	0;1;2;9	0	2	1	0	0													
262	ScratchJr	1	1	17	1	1	0	2	3	0	0													
10	ScratchJr	3	1	2	1	0;1	0;9;13	2	0	0														
628	ScratchJr	3	1	0	0	1;2	0	2	0	1	0													
729	ScratchJr	1	1	0	1	1	0	2	0	0	0													
880	ScratchJr	1	1	0	2	1;2	0	2	3	0														
76	ScratchJr	0	0	8	2	1;2;3	0;16	2	3	0	0													
193	ScratchJr	2	1	1	2	1;2;3	0;5;7	2	0	0														
679	ScratchJr	3	0	0	0	2	0	2	1	2	2;8													
493	ScratchJr	4	1	0	1	1	0	2	3	0	0													
507	ScratchJr	1	1	1	1	1	0;2;3;5;9;12;14;16	2	3	5	0													
364	ScratchJr	2	1	0	0	2	0;2;3;5;6;7;9;12;14;16	2	0	2	21													
496	ScratchJr	2	1	15	0	1	0	2	0	2	0													
397	ScratchJr	1	1	0	0	1	0	2	0	0	2													
319	ScratchJr	2	1	1	3	2;3;5;9	0;4	2	1	0	0													
877	ScratchJr	3	1	17	0	1	0	2	3	5	0													
362	ScratchJr	3	1	0	0	1;2	0	2	3	1;2	21													
712	ScratchJr	1	1	0	0	1	0	2	3	1	0													
619	ScratchJr	2	1	11	1	1	0	2	0	0	0													
186	ScratchJr	1	1	6	0	1	0	2	0	0	0													
79	ScratchJr	3	1	10	1	1	0	2	3	0	0													
23	ScratchJr	3	1	0	4	9	0	2	1	0	0													
700	ScratchJr	3	1	15	0	1	0	2	1	0	2													
769	ScratchJr	3	0	0	0	1;2	0	2	0	0	0													
164	ScratchJr	2	1	3	0	1	0	2	0	0	0													
592	ScratchJr	3	1	0	0	1	0	2	0	0	0													
172	ScratchJr	1	1	15	1	1	0;1	2	3	2	12;21													
924	ScratchJr	3	1	0	1	0	0	2	3	0	0													
559	ScratchJr	3	1	0	0	1;2	0	2	3	1;2														
311	ScratchJr	1	1	8	2	2;3;8	1;12	2	1	0	0													
765	ScratchJr	2	1	3	0	1;2	0	2	1	1	0													
421	ScratchJr	3	1	4	0	8	13	2	3	0	0													
196	ScratchJr	3	0	0	4	9		2	0		4													
419	ScratchJr	3	1	0	0	0;1	1	2	1	0	0													
303	ScratchJr	4	0	11	0	1;2;3	11	1	0	1;2	2;21													
54	ScratchJr	4	1	0	4	9		2	0	0	0													
844	ScratchJr	3	1	4	1	1	0	2	0	0	0													
90	ScratchJr	2	1	4	1	1	0;4	2	0	0	0													
17	ScratchJr	3	1	4	1	1	0;14	2	0	0	0													
473	ScratchJr	2	1	4	0	1	0	2	0	5	0													
124	ScratchJr	0	1	8	2	1;2;3	0;12	2	3	0	0													
891	ScratchJr	2	1	5	4	1	0	2	0	0	4;5;10													
556	ScratchJr	1	1	2	0	1	0	2	0	0	0													
492	ScratchJr	2	1	0	0	1	0	2	0	0	0													
675	ScratchJr	2	1	15	1	1;2	0;2;3	2	0	0	0													
526	ScratchJr	2	1	4	0	1	0	2	0	0	5													
369	ScratchJr	1	1	15	1	1	0	1	0	0	0													
290	ScratchJr	2	1	15	1	0	0	2	1	5	0													
355	ScratchJr	3	0	0	0	1	0	2	0	0	2													
906	ScratchJr	3	1	0	0	1	0	2	3	0	9													
888	ScratchJr	3	1	0	0	1;2	0	2	0	0	0													
480	ScratchJr	1	1	11	2	1;2	0	0	0	0	14													
371	ScratchJr	3	1	0	0	1	0	2	0	0	0													
150	ScratchJr	2	1	15	1	1;2	0	2	1	2	9													
192	ScratchJr	1	1	12	0	0		2	0	0	0													
849	ScratchJr	4	0	11	0	1;2	0	2	1	3	14													
399	ScratchJr	1	1	12	0	0		2	0	0														
810	ScratchJr	0	1	17	3	1;2	0	2	0	0	0													
446	ScratchJr	2	1	15	0	1;3	0;11	1	0	1;2	4;9;21													
710	ScratchJr	2	1	15	0	1	0	2	0	0	0													
696	ScratchJr	4	1	1	0	1;9	1	2	1	1	0													
573	ScratchJr	2	1	0	4	0		2	0	0	0													
411	ScratchJr	3	1	0	0	1	0	2	1	0	12													
597	ScratchJr	2	1	0	0	0;1;2;3	1	2	1	0	0													
514	ScratchJr	2	1	0	1	1	0;2;3;4;5;9;11;12;13;14;16	2	0	1;2	0													
363	ScratchJr	3	1	4	2	0;4;9		0	1	0	0													
375	ScratchJr	2	1	0	4	9		2	3	0	0													
552	ScratchJr	2	1	1	0	1	0	2	0	0	0													
784	ScratchJr	2	1	0	0	1	0	2	0	0	0													
599	ScratchJr	1	1	6	4	9		2	0	5	4;5;6;9;10													
808	ScratchJr	1	1	0	2	0		2	0	0	0													
470	ScratchJr	3	1	1	0	1	1	2	0	0	2													
576	ScratchJr	1	1	0	0	1;2	0	2	3	0	0													
487	ScratchJr	2	1	12	0	0	0	2	0	2	0													
759	ScratchJr	3	1	10	0	1;2	0	2	0	0	2;15;21													
176	ScratchJr	3	1	0	0	1	0	2	0	2	21													
138	ScratchJr	3	1	4	0	1;2	0	2	0	0	0													
800	ScratchJr	2	1	2	0	1	0	2	1	0	0													
656	ScratchJr	1	1	0	1	1	0;8	2	1	2	12													
660	ScratchJr	3	1	0	0	2	0	0	3	1	12;21													
339	ScratchJr	1	1	19	1	1;2	0	2	0	0	0													
243	ScratchJr	3	0	0	1	1;2;3	0;11;16	2	3	0	2;5;6;7;10;15;24													
894	ScratchJr	2	2	0	0	9	13	2	0	0	0													
564	ScratchJr	1	1	0	0	1;2	0	1	0	1	21													
519	ScratchJr	1	1	0	1	1	0	2	0	2	21													
639	ScratchJr	2	1	7	0	1;2	1	1	0	0	0													
155	ScratchJr	1	1	1	3	0;1;2;3	0	2	0	0	0													
791	ScratchJr	0	1	0	1	1	0	2	0	1;2	21													
651	ScratchJr	4	0	19	0	5	3	2	1	3	2;5;7;8;9;14;15;24													
456	ScratchJr	1	1	12	0	9		2	0	0	0													
915	ScratchJr	1	0	0	1	0;1;2;3;4;5;6;8	4;11	0	3	0	2;9;18;24													
822	ScratchJr	3	1	13	0	0		2	1	0	0													
686	ScratchJr	2	1	1	2	4	11	0	0	0	2;15;21;24													
871	ScratchJr	1	0	0	2	0	2;3;12;13;14;16	2	3	0	10													
391	ScratchJr	3	1	8	2	0;1;2	0	2	0	0	0													
326	ScratchJr	3	1	0	0	2	0	2	0	0	0													
182	ScratchJr	1	1	4	0	1	0	2	1	5	9;21													
610	ScratchJr	4	1	0	0	1;2;3	0;2;3;5;7;9	2	1	0	0													
318	ScratchJr	1	1	0	1	1;2	0;5	2	1	1	0													
279	ScratchJr	1	1	9	1	0;1;2	0	2	0	1	15													
454	ScratchJr	1	1	0	1	1;2	0	2	0	0														
59	ScratchJr	2	1	5	0	1	0	2	3	5	0													
837	ScratchJr	3	1	0	0	1	1;2;3	2	0	0	0													
805	ScratchJr	2	1	0	0	1	0	2	0	5	2													
910	ScratchJr	3	1	11	0	1	0	2	0	0	0													
566	ScratchJr	2	1	0	1	2;3	1;3;6	2	3	0	9													
81	ScratchJr	2	0	2	4	0;1;2;3;4;5;6;7;8	0;12	1	0	2	2;14;24													
690	ScratchJr	2	1	11	0	0;1;2	0;1;13	2	0	1	3													
218	ScratchJr	1	1	0	0	1	0;1	2	1	0	0													
122	ScratchJr	1	1	0	1	1	0;14	2	0	0	0													
153	ScratchJr	1	1	0	0	1	0;16	2	0	0	0													
273	ScratchJr	1	1	4	1	1	0	2	0	0														
104	ScratchJr	3	1	11	4	0;1;2;3;5	11	0	0	3	10;21													
144	ScratchJr	2	1	15	1	1	0	2	1	0	0;9;10													
772	ScratchJr	3	1	0	0	1	0;2;3;9;12;13;14;16	2	3	0	0													
268	ScratchJr	2	1	12	1	1;2	0	2	0	0	0													
258	ScratchJr	1	1	0	2	0;1;2;3	0	2	0	0	0													
521	ScratchJr	2	1	0	0	1	0	2	0	0	0													
385	ScratchJr	3	1	0	0	1	0;16	2	0	5	0													
773	ScratchJr	1	1	0	4	9		2	0	0	0													
415	ScratchJr	1	1	4	1	1;2	0	2	0	0	0													
407	ScratchJr	3	1	3	0	1;2	0;2;3;4;5;12;13;14;16	2	0	5	10													
788	ScratchJr	1	1	15	0	3	1	0	0	0	4													
469	ScratchJr	1	1	12	0	0		2	0	0	0													
782	ScratchJr	1	1	0	0	1;2	0	2	3	2	12;14;21													
203	ScratchJr	2	0	1	1	1;2;3	0;12;16	2	3	3	2;5													
163	ScratchJr	2	1	4	0	1;2	0	2	0	1	12													
580	ScratchJr	2	1	0	0	1	0	2	0	0	0													
516	ScratchJr	3	1	10	0	2	0	2	0	0;1	21													
665	ScratchJr	4	1	0	0	1	0	2	3	0	0													
604	ScratchJr	0	1	8	2	2	0	2	1	0	0													
836	ScratchJr	3	1	8	0	0		2	3	5	21													
820	ScratchJr	1	1	9	2	1;2	0	1	0	0	21													
716	ScratchJr	2	1	11	0	1;2	0	2	3	0	0													
735	ScratchJr	2	1	12	4	9		2	1	0	0													
167	ScratchJr	2	1	0	0	1	0	2	0	0	0													
229	ScratchJr	2	1	4	0	1;2	0	2	0	0	0													
617	ScratchJr	3	1	0	3		2	0	3	0	0													
257	ScratchJr	0	1	0	2	1;2;3	0;8;16	2	3	0	21													
282	ScratchJr	3	0	0	4	8		2	0	0	24													
431	ScratchJr	4	1	0	4	1;2	0;2;3;5;9;11;12;13;14;16	2	1	0	0													
226	ScratchJr	3	1	11	0	0;1;2	0	2	0	0	0													
24	ScratchJr	4	1	0	0	1	0	2	0	0	0													
442	ScratchJr	3	1	0	0	1	0	2	0	1	21													
866	ScratchJr	0	1	10	2	1;2	0	2	3	0	0													
626	ScratchJr	1	1	4	1	1	0	2	0	1	0													
520	ScratchJr	4	1	15	0	9		2	1	1;2	21;24													
398	ScratchJr	1	1	0	2	0;1;2;3	0;8	2	3	0	0													
588	ScratchJr	2	0	19	0	0;1;2;3;5	0	0	1	3;4	5;9;14;15;18;21;24													
337	ScratchJr	0	1	4	2	0		1	0	0	0													
899	ScratchJr	3	1	15	0	1	1	2	0	0	0													
160	ScratchJr	4	1	11	0	1;2;3	0;1;2;3;5;6;7;8;9;12;13;14;15;16	3	0	1	12													
269	ScratchJr	1	1	4	1	1;2	0	1	3	0	21													
922	ScratchJr	2	1	0	0	1;2	0;1	2	0	2	0													
161	ScratchJr	3	1	0	0	1	0	2	0	0	0													
149	ScratchJr	2	1	5	0	1	0	2	3	0	0													
816	ScratchJr	2	1	1	0	0		2	3	0	2;24													
236	ScratchJr	1	1	14	4	1;2		2	0	0	0													
584	ScratchJr	1	1	1	0	1;2	0	2	0	0	9;19;21													
804	ScratchJr	2	1	4	4	3;5;7	3;6	2	0	0	5													
825	ScratchJr	3	1	0	0	1;2	0	2	3	0	0													
438	ScratchJr	1	1	0	1	1	0	2	0	0	0													
384	ScratchJr	1	1	4	4	1;2	0	0	3	0	21													
457	ScratchJr	2	1	19	4	0		3	0	0	0													
276	ScratchJr	1	1	1	0	1	0	2	0	0	0													
779	ScratchJr	2	1	14	0	1;2	0	2	0	0	21													
595	ScratchJr	1	1	5	0	1;2	0	2	0	0	0													
136	ScratchJr	1	1	0	0	0		2	3	2														
681	ScratchJr	1	1	7	2	1;2;9	0;14	2	3	5	10;19													
175	ScratchJr	4	1	0	0	0		1	0	2	19;21													
106	ScratchJr	2	1	11	0	1;2	0	2	3	0	0													
740	ScratchJr	1	1	0	0	0		2	0	0	0													
97	ScratchJr	2	1	0	4	1;2	0	2	0	0	0													
676	ScratchJr	3	1	0	0	1	0	2	3	5	0													
882	ScratchJr	2	1	0	0	1;2	0	2	0	0	0													
168	ScratchJr	1	1	2	0	1;2	0	2	3	0	0													
613	ScratchJr	4	1	5	4	1;2		2	1		0													
633	ScratchJr	3	1	3	0	1;2	0	2	0	0	0													
62	ScratchJr	3	1	0	0	1	0	2	0	0	0													
534	ScratchJr	0	1	8	2	1;2	0	2	0	0	21													
343	ScratchJr	3	1	0	0	0	1	2	0	1	9;12;21													
69	ScratchJr	2	1	15	0	0;1;2	0;4	2	0	0	0													
133	ScratchJr	0	1	0	1	2	0	2	3	1	12;21													
565	ScratchJr	2	1	15	0	1;2;3	0;1;3;11	0	3	2	4;5;8;9;21													
130	ScratchJr	3	1	11	0	1;2	1	2	1	0	0													
884	ScratchJr	3	1	0	1	2	2;3;4;5;6;7;9;11;14;16	2	3	0	9													
420	ScratchJr	4	1	0	4	9	3	2	1	3	14;15;18;21													
598	ScratchJr	1	1	0	0	1;2	0	2	3	2	12;14;21													
9	ScratchJr	2	1	13	4	4;6	11	2	3		4;5;9;24													
770	ScratchJr	3	1	0	0	1;2	9	2	1	2	21													
331	ScratchJr	2	1	0	0	1	0	2	1	1	10													
549	ScratchJr	1	1	15	2	1;2;3;5	0;3;6	2	3	0	9													
43	ScratchJr	1	1	16	1	1	0	2	0	5	21													
504	ScratchJr	1	1	2	1	1	0	2	3	0	0													
166	ScratchJr	1	1	0	0	0		2	0	0;5	19;21													
444	ScratchJr	1	1	0	0	1;2;3	0;16	2	0	0	0													
254	ScratchJr	1	0	11	2	1;2;3	0;8;12;16	2	1	2	14;21													
433	ScratchJr	2	1	1	0	1;2	0;4;12	2	0	0	0													
658	ScratchJr	2	1	17	0	2	0	0	0	5	21													
901	ScratchJr	2	1	1	0	1;2	0	2	0	1	0													
206	ScratchJr	3	1	6	1	1	0	2	1	0	2													
87	ScratchJr	4	1	0	4	9	3	1	0	3	21													
749	ScratchJr	1	1	0	3	1;2	0	2	0	1	0													
569	ScratchJr	1	1	1	1	1;2	0	2	0	0	0													
205	ScratchJr	0	1	1	2	0;1;2;3	0;3	2	3	0	21													
859	ScratchJr	2	1	9	2	0;1;2	1;2;3;9;12;13;14;16	2	1	0	0													
413	ScratchJr	4	1	0	0	1	0	2	1	0	0													
916	ScratchJr	2	1	15	0	0;1;2	0	2	0	0	14													
52	ScratchJr	1	1	8	1	0;1;2	0;1	2	0	0	0													
159	ScratchJr	4	1	0	0	1	0	3	2	2	10;19;21													
616	ScratchJr	3	1	12	0	1;2;3;9	1;2;3;5;9;10;11;12;14;15;16	2	0	0	0													
758	ScratchJr	1	1	3	0	1	0	2	0	0	0													
30	ScratchJr	1	1	4	1	0;1;2	0;4	2	3	0	0													
562	ScratchJr	2	1	14	0	1	0	2	0	0	0													
89	ScratchJr	2	1	0	4	7	0;13	2	0	0	0													
47	ScratchJr	2	1	5	0	1	0	2	1	0	0													
653	ScratchJr	1	1	11	0	0		2	0	0	0													
907	ScratchJr	1	1	5	1	0;1	0	2	3	0	0													
401	ScratchJr	1	1	0	0			2	0	0	0													
855	ScratchJr	1	1	4	3			2	3	0														
64	ScratchJr	1	1	12	4	0;9		2	3	0	0													
756	ScratchJr	3	1	0	0	1;2	0	2	0	1;2;3	2;4;5;9;10;12;15;21													
494	ScratchJr	2	1	4	1	0;1;2	0	2	3	0	0													
586	ScratchJr	1	1	12	0	0		2	0	0	0													
381	ScratchJr	1	1	9	1	2	0;12	2	0	1	0													
436	ScratchJr	1	1	0	0	1;2	0	2	0	0	21													
184	ScratchJr	2	1	15	0	0	0	2	3	0	0													
140	ScratchJr	2	1	0	0	0		2	0	0	12													
657	ScratchJr	2	1	1	4	0		2	0	0	0													
422	ScratchJr	2	1	0	0	1;2	0	0	1	0	12;21													
807	ScratchJr	0	1	11	2	1;2	0	2	0	0	21													
181	ScratchJr	1	1	12	1	1;2	0	2	0	0	0													
553	ScratchJr	2	1	10	0	1;2	0	0	0	1	21													
596	ScratchJr	3	1	15	0	1	0;12	2	0	0	0													
853	ScratchJr	3	1	11	0	1;2	0	2	0	0	0													
612	ScratchJr	0	1	8	2		0	2	0															
410	ScratchJr	4	1	0	0	1	0	2	3	0	0													
451	ScratchJr	1	1	11	1	1;2	0;1	2	0	5	9;21													
467	ScratchJr	3	1	3	1	1	0	2	0	0	0													
545	ScratchJr	0	1	8	2	1;2;3	0;12	2	3	0	0													
386	ScratchJr	1	1	7	0	1	0	2	0	1;2	21													
570	ScratchJr	3	1	0	0	9		2	0	0	0													
919	Scratch	1	0	12	1	2	0;11;12;16	2	0	1;2	2;5;10													
423	Scratch	3	1	0	0	2	0	2	1	0	0													
18	Scratch	2	1	0	0	2;3	0;5	2	1	0	0													
315	Scratch	2	1	7	1	2	0	2	1	0	0													
593	Scratch	2	1	0	0	3	9	2	0	0	0													
890	Scratch	0	1	15	2	1;2	0	2	1	1	21													
80	Scratch	1	0	5	0	8	11	2	1	0	5;16;18;21													
285	Scratch	1	0	8	2	2	0;1	2	0	0	0													
352	Scratch	3	1	15	0	2	0	2	0	0	0													
27	Scratch	1	0	0	2	2;3	0;3	2	0	2	6;9;10;16;21													
435	Scratch	3	1	15	0	2	0;2	2	3	0	0													
903	Scratch	1	1	10	1	1;2;3	0;3	2	1	1	0													
829	Scratch	1	1	17	1	2	0;12;14	2	0	1	21													
631	Scratch	3	1	15	0	2	0	2	3	0	0													
434	Scratch	0	1	0	1	2	0	2	0	1														
478	Scratch	1	0	12	1	2	0;11;12;16	2	0	1;2	5;21													
726	Scratch	0	0	1	2	1;2	13	2	0	2	10;21													
320	Scratch	0	1	0	1	2	0;2	2	0	1;3	21													
78	Scratch	1	1	4	1	1;2	0	2	0	1	0													
323	Scratch	3	0	0	4	9		0	0	0	2;4;10;15;18;21;24													
339	Scratch	1	1	11	1	1	0	2	0	0	0													
567	Scratch	1	1	15	0	2	0	2	0	2	0													
12	Scratch	2	1	0	2	2	0	2	3	1;2	15;21													
14	Scratch	2	1	0	0	2	1	2	0	0	0													
340	Scratch	2	1	11	1	2	0	2	0	0	0													
689	Scratch	2	1	15	2	2	0;12	2	0	0														
174	Scratch	3	1	8	0	1	0	2	3	0														
125	Scratch	0	1	0	2	9	1	2	1	0	0													
51	Scratch	3	1	0	0	2	0	2	0	1;2	9;10;21													
38	Scratch	1	1	4	1	2	0	2	3	0	0													
397	Scratch	1	1	0	0	1;2	0	2	0	0	2													
28	Scratch	2	1	15	0	3	3;6	2	0	0	4;9													
590	Scratch	2	1	15	4	1;2	0	2	3	5	0													
281	Scratch	1	0	0	1	2	0	2	0	0;1	0													
617	Scratch	3	1	0	3		2	0	3	0	0													
663	Scratch	2	0	9	0	2	0;3;5;6;7;11;12;14	2	0	1	14													
697	Scratch	3	1	1	2	8	4	1	1	0	2;4;8;16;21													
918	Scratch	1	0	4	1	1;2	0	2	0	3	12;21													
193	Scratch	2	1	1	2	1;2;3	0;5;7	2	0	0	0													
505	Scratch	3	1	1	0	3;5	3;6	2	0	2	2;14;15;18													
272	Scratch	1	1	0	4	2		1	3	4	9;12;18;19;21													
848	Scratch	3	0	10	0	2	0	2	0	1	21													
610	Scratch	4	1	1	0	1;2;3	0;2	2	1	0	0													
720	Scratch	1	1	9	2	1;2	0;4	2	0		21													
467	Scratch	3	1	3	1	1	0	2	0	0	0													
510	Scratch	2	0	15	0	3	3;6	2	0	2	5;15													
146	Scratch	2	1	0	0	2;3	1;2;3;4;5;7;8;9;10;11;12;14;16	2	0	0	0													
629	Scratch	3	1	19	0	2;3	4	2	3	0	0													
695	Scratch	3	1	10	0	0;1;2	1	2	1	0	0													
68	Scratch	1	1	4	1	1;2;3	2	2	0	0	0													
730	Scratch	2	1	9	0	2	0	2	1	0	0													
183	Scratch	4	1	4	1	1;2;3	0	2	1	0	0													
16	Scratch	3	1	6	0	1;2	0	2	3	1	0													
362	Scratch	3	1	0	0	1;2	0	2	3	1;2	21													
170	Scratch	0	1	11	4	9	3	2	3	0	5;10;12;18;19;21													
624	Scratch	1	1	11	2	1;2	11	2	1	0	1;6;9;12;14;19;21;24													
831	Scratch	1	0	15	0	1;2;3;5	0;14	2	0	2	10													
484	Scratch	2	1	1	0	2	0	2	0	0	0													
474	Scratch	2	1	0	0	2	0	2	0	1;2	2;15;21													
678	Scratch	3	1	14	0	2;7	0	2	1	0	0													
503	Scratch	2	1	17	0	2	0;13	2	0	5	21													
908	Scratch	4	1	0	1	2	3	2	0	0	0													
128	Scratch	1	0	9	0	2;3	12;13;14	2	0	0	2													
152	Scratch	1	1	0	1	2	0	2	1	0	9;10;18													
754	Scratch	2	1	15	0	2	0	2	0	5	0													
559	Scratch	3	1	0	0	2	0	2	1															
412	Scratch	4	1	5	0	2	0	2	3	0	0													
810	Scratch	0	1	17	3	1;2	0	2	0	0														
841	Scratch	2	1	12	0	2	0	2	3	1	21													
88	Scratch	1	1	15	2	1;2	0	2	1	0	5													
83	Scratch	4	1	4	1	1;2	0;14	1	0	1	9;10;21													
244	Scratch	2	1	15	0	0;2	0	0	0	0	21													
498	Scratch	3	1	0	0	2	0;13	2	1	0	0													
694	Scratch	3	1	0	0	2;3	4;11;14	2	1	0	0													
662	Scratch	3	1	4	0	2	0	2	3	0	0													
554	Scratch	3	1	6	0	2	1	1	0	1	21													
87	Scratch	4	1	0	4	9	3	1	1	3	2;8;21													
935	Scratch	3	1	4	0	3	1	1	0	0	0													
253	Scratch	2	0	15	0	1	0	2	3	4	2;10;14;21													
440	Scratch	1	1	4	0	2	0	2	0	0	0													
869	Scratch	3	1	0	2	1;2;3	1	2	1	0	2;4;5;15;21;24													
748	Scratch	1	1	15	1	2;3	3;6	2	1	0	9													
37	Scratch	1	1	0	1	1;2;3	0;4	0	3	0	10;21													
181	Scratch	1	1	12	1	2	0	2	0	0	0													
761	Scratch	3	1	0	0	1;2	0;4	2	0	0	0													
796	Scratch	2	1	0	0	2	0	2	0	0	0													
727	Scratch	1	1	0	0	2	0	2	0	0	12;21													
933	Scratch	1	1	0	1	1;2	0	2	0	0	0													
214	Scratch	1	1	8	0	2	0	2	0	0	0													
480	Scratch	1	1	11	2	1;2	0	0	0	0	14													
855	Scratch	1	1	4	3			2	0	0	0													
655	Scratch	1	0	0	1	2	0	2	0	1	12;21													
275	Scratch	2	1	15	1	1;2	0	2	1	2	0													
849	Scratch	4	0	11	0	1;2	0	2	1	3	14													
876	Scratch	1	0	0	2	1;2;3	0;1	0	3	0	9													
63	Scratch	0	0	0	2	2	1	0	0	0	10													
418	Scratch	2	0	4	0	2;3	2;3;5;7;11	2	3	2	2;18;21													
701	Scratch	4	1	5	0	2	0	2	0	0	0													
757	Scratch	2	1	5	0	1;2	1	2	3	0	0													
6	Scratch	2	1	13	1	2;7	0	2	0	1	21;23													
874	Scratch	2	0	0	2	0;1;2;3;5;9	14	1	0	2	2;21													
222	Scratch	2	1	0	3	1;2	0;2;3;5;6;7;9;11;12;14	2	3	0	21													
672	Scratch	1	1	9	0	2	0	1	0	5	9;10;15;21													
36	Scratch	2	1	4	0	2	1	2	3	0	0													
350	Scratch	4	1	2	0	3;5	14	2	1	0	0													
515	Scratch	2	1	0	1	2	0	2	1	0	18;21													
306	Scratch	3	1	0	1	2	0;1	0	0	1;2	10													
57	Scratch	0	1	0	2	1;2	0	2	0	0	0													
649	Scratch	3	0	6	4			2	0		2;4;5;7;8;9;15;24													
144	Scratch	2	1	15	1	1;2	0	2	0		21													
446	Scratch	2	1	15	0	1;3	0;11	1	0	1	4;9;21													
372	Scratch	4	0	4	0	2	0	2	0	1;2	2;14													
852	Scratch	2	1	0	0	1;2	0	0	0	0														
357	Scratch	3	1	4	0	2	4	2	3	0	0													
121	Scratch	0	1	11	2	1;2;3	0;16	2	3	0	0													
462	Scratch	1	1	15	0	2	0	2	3	2	21													
599	Scratch	1	1	6	4	9		2	0	5	4;5;6;9;10													
775	Scratch	4	1	2	0	3	3;6	2	1	0	0													
560	Scratch	1	1	0	0	2	0	2	3	0	19;21													
722	Scratch	2	0	0	0	2	0	1	3	1;2	2;9;21;24													
108	Scratch	1	0	0	0	2	0	2	1	3	2;5;10;12;15;19;21													
319	Scratch	2	1	1	3	1;2;3;5;8	0;4	2	3	0	0													
783	Scratch	1	1	12	1	1;2	0;16	2	0	0	21													
529	Scratch	1	1	12	1	1;2	0;16	2	0	0	21													
644	Scratch	1	1	11	1	1;2;3	1	2	0	0	0													
601	Scratch	2	1	3	0	2	0	2	0	0	0													
398	Scratch	1	1	0	2	0;1;2;3	0;8	2	3	0	12													
187	Scratch	2	1	5	0	2	0	1	0	1														
661	Scratch	2	1	9	2		12	2	1	0	0													
582	Scratch	2	1	0	0	2	0	2	0	1	21													
894	Scratch	2	1	0	0	9	13	2	0	0	0													
860	Scratch	2	0	0	0	2	0	2	1	0	2;12;14;24													
572	Scratch	3	1	0	0	2	0;14	2	1	2	21													
99	Scratch	2	1	0	0	2	0	2	0	1	0													
321	Scratch	2	1	10	0	2	0	2	3	0														
868	Scratch	1	0	15	2	1;2;3	0;7	2	1	0	0													
202	Scratch	2	1	7	0	2	0	2	0	0	0													
642	Scratch	1	1	7	1	2	0	2	0	0														
424	Scratch	3	1	15	1	1;2	0	2	3	1	15;21													
366	Scratch	2	1	4	0	2	0	2	0	1	0													
685	Scratch	3	0	4	0	2	0	2	0	1	0													
25	Scratch	2	0	1	0	2	0	2	1	1;2	2;12;21													
744	Scratch	0	1	8	2	1;2	0	2	1	0	0													
258	Scratch	1	1	0	2	0;1;2;3	0	2	0	0	0													
691	Scratch	0	1	8	2	1;2	0	2	1															
305	Scratch	3	0	2	0	1;2	0	2	1	0														
809	Scratch	2	1	4	0	1;2;9	0	0	0	5	10;21													
292	Scratch	1	0	12	0	2;3;5	0;3;11	2	0	1	21													
861	Scratch	1	1	0	1	1	0	2	0	0	0													
636	Scratch	2	1	0	1	1;2;3	1	2	0	0	0													
143	Scratch	2	1	4	0	2;3;5	0;5;6;8	2	0	0	0													
719	Scratch	2	0	4	0	1;2	0	2	1	1	10;12;21													
915	Scratch	1	0	0	1	0;1;2;3;4;5;6;8	4;11	0	3	0	2;9;18;24													
684	Scratch	1	1	17	1	2	0	2	3	1	0													
686	Scratch	2	1	1	2	4	11	0	0	0	2;15;24													
708	Scratch	2	1	4	4	2		2	0	0	0													
210	Scratch	1	0	6	4	2;3		2	0	0														
105	Scratch	1	1	11	4	3		0	1	2	1;2;4;5;6;8;9;15;16;18;21;24													
900	Scratch	2	1	0	0	1;2	0	0	3	1;3	12;21													
778	Scratch	4	1	0	0	2	0	2	0	1	21													
927	Scratch	4	0	0	0	2	0	2	1	1	0													
747	Scratch	0	1	8	2	1;2	0;2;7	2	3	0	0													
563	Scratch	3	1	0	1	2	0	2	0	0	0													
191	Scratch	1	1	1	1	1;2	0	2	3	0	0													
461	Scratch	2	1	6	0	2	0	2	0	0	0													
229	Scratch	2	1	4	0	1;2	0	2	0	0	0													
318	Scratch	1	1	0	1	1;2	0;5	2	1	1	0													
185	Scratch	3	1	6	0	1	0	0	0	1	12;21													
404	Scratch	3	1	12	0	1;2	0	2	1	0	0													
922	Scratch	2	1	0	0	1;2	0;1	2	0	0														
550	Scratch	1	1	2	1	3	3;6;11	2	1	1	2;4;5;8;9;21													
520	Scratch	4	1	0	0	9	11	2	1	1	21;24													
602	Scratch	1	1	0	4	1;2	0	2	3	0	5;9													
81	Scratch	2	0	2	4	0;1;2;3;4;5;6;7;8;9	12	1	0	2	2;14;24													
405	Scratch	2	1	6	0	2	0	1	0	1;2	12;21													
541	Scratch	3	1	15	0	1	1	0	3	2	21													
714	Scratch	2	1	0	0	3;5	3	2	1	0	0													
895	Scratch	4	1	13	0	3	3;6	2	2	0	0													
425	Scratch	3	1	2	0	1;2	0	2	0	0	0													
925	Scratch	2	1	0	0	2	4	2	0	0	0													
374	Scratch	2	0	3	0	2	0	2	0	1	19;21													
171	Scratch	3	1	19	4	2	1	2	3	0	0													
648	Scratch	3	1	4	0	1;2	0	2	3	0	12;21													
566	Scratch	2	1	0	1	2;3	1;3	2	3	0	9													
768	Scratch	3	0	0	1	1;2	11	2	0	1	0													
561	Scratch	1	1	3	0	2	0	2	0	0;1	0													
692	Scratch	2	1	12	4	9		0	0	0	12;21													
771	Scratch	0	1	8	2	1;2	0;1	2	3	0	21													
165	Scratch	1	1	15	1	2	0;5	2	1	0	9;10													
627	Scratch	1	1	2	0	3	3;6	2	0	5	5;14													
488	Scratch	1	1	14	0	2	0	2	0	0														
390	Scratch	2	0	0	0	1;2	0;1;16	1	1	0	10													
218	Scratch	1	1	0	0	1	0;1	2	1	0														
448	Scratch	2	1	4	0	2	0	0	1	0	21													
828	Scratch	2	1	0	4	9	15	2	1	0	0													
233	Scratch	1	1	2	0	3	3	1	0	0	9;15;18													
916	Scratch	2	1	15	0	0;1;2	0	2	0	5	2;14													
587	Scratch	2	2	14	0	2	0	2	0	0	0													
188	Scratch	3	1	0	0	2	12	2	0	0	0													
252	Scratch	1	0	10	1	3;4;5	3;6	2	3	0	0													
94	Scratch	1	1	0	3	1;2;3;4;5;8	4	1	1	0	5													
477	Scratch	3	1	15	0	2	0	2	1	0	0													
486	Scratch	2	1	10	0	1;2	0	2	0	0	21													
626	Scratch	1	1	4	1	7	0	2	0	1	0													
268	Scratch	1	1	12	1	1;2	0	2	3	0	0													
482	Scratch	2	1	4	0	2	4	2	0	2	21													
463	Scratch	1	1	6	0	2	0;16	3	0	0														
732	Scratch	3	1	0	0	1;2	0	2	1	0	0													
278	Scratch	0	1	2	2	1;2	0	2	0	0	0													
788	Scratch	1	1	15	0	3	1	0	0	0	4													
600	Scratch	1	1	0	1	1;2	0	2	1	0	0													
324	Scratch	3	0	2	0	2	0	2	0	0	0													
782	Scratch	1	1	0	0	1;2	0	2	3	2	12;14;21													
403	Scratch	2	1	15	0	1;2	0	2	0	1	2;14													
302	Scratch	1	0	0	2	1;2;3;5	0;4;9	2	0	0	0													
407	Scratch	3	1	3	0	1;2	0;2;3;4;12;14;16	2	0	5	10													
525	Scratch	2	1	4	3	1;2	0;4	2	1	0	0													
116	Scratch	1	1	0	0	2	0	2	0	1	0													
867	Scratch	1	0	12	0	2	0	2	1	0	9													
733	Scratch	2	1	11	0	1;2	0;2;3;4;5;6;7;8;9;14;16	2	0	0	0													
698	Scratch	3	1	8	0	2	0	2	1	0	0													
432	Scratch	1	1	4	1	1;2;3		2	0	0	0													
731	Scratch	1	1	2	0	3	3;6	2	0	1	2;5;9;10;14;21													
158	Scratch	1	1	2	0	3	3;6	2	0	0	0													
749	Scratch	1	1	0	3	1;2	0	2	0	1	0													
45	Scratch	3	1	0	0	1;2	0;2	2	0	0	10													
55	Scratch	0	1	9	2	1;2	0;13	2	0	0	0													
863	Scratch	3	0	0	4	9		2	3	3	2;4;5;7;8;15;16;18;24													
667	Scratch	1	1	6	4	1;2	0	2	1	0	0													
912	Scratch	3	1	15	0	2	0	1	0	1;2														
858	Scratch	4	1	9	0	2	0	2	3	0	0													
786	Scratch	1	1	3	1	2	0;7	2	3	0	2;5													
693	Scratch	4	1	0	1	2	0	2	3	0	0													
447	Scratch	3	1	1	0	3	3;6	0	0	0	7;14;15													
603	Scratch	0	1	8	2	1;2	0	2	1	0	0													
344	Scratch	2	1	12	1	2	0	2	1	0	0													
309	Scratch	1	1	2	1	2	0	2	0	0	0													
688	Scratch	2	1	0	0	1;2	0	2	0	0	0													
681	Scratch	1	1	7	2	1;2;9	0;14	2	3	5	10;19													
259	Scratch	2	1	0	0	1;2	0	2	0	2	10;14;21;24													
739	Scratch	2	1	11	0	2	0	2	1	0	0													
465	Scratch	1	0	0	0	1;2;3	0;2;3;4;5;11;16	2	0	0	4;14													
449	Scratch	3	1	0	0	2	0	0	0	0	0													
43	Scratch	1	1	16	1	1	0	2	1	0	21													
431	Scratch	4	1	0	4	1;2	0;2;3;4;5;9;11;12;13;14;16	2	1	0	0													
774	Scratch	0	1	8	2	1;2	0;1	2	1	0	0													
839	Scratch	3	1	0	0	1;2	0	2	0	0	15													
699	Scratch	4	0	0	0	2	0	2	0	0	15													
840	Scratch	1	0	0	2	2	0;13	2	1	0	0													
542	Scratch	1	0	2	1	3;5	3;6	2	1	0	0													
365	Scratch	2	1	11	0	2;3	0;1;2;3;4;5;6;7;9	2	0	1	12													
618	Scratch	2	1	0	0	1;2	0	2	0	0	2;6;14;21;24													
227	Scratch	3	1	11	0	1;2	0	1	0	0	0													
866	Scratch	0	1	10	2	1;2	0	2	3	0	0													
106	Scratch	2	1	11	0	1;2	0	2	3	0	0													
73	Scratch	4	0	6	0	2	0	1	0	0	0													
502	Scratch	1	1	3	0	2;3	0;2;3;5;6;8;12;14;16	2	0	1														
100	Scratch	4	1	15	0	0;1;2;3	1	2	1	0	0													
604	Scratch	0	1	8	2	7	0	2	0	0	21													
728	Scratch	2	1	2	1	1;2	0	0	1	2	21													
346	Scratch	1	1	0	3	1;2	0	2	0	0	0													
389	Scratch	3	1	5	0	2	0	2	0	0	0													
367	Scratch	2	1	10	0	2	0	1	0	1	21													
886	Scratch	3	1	9	1	1;2	0	2	0	1	0													
821	Scratch	3	0	15	0	2	0	2	0	1	9;10													
235	Scratch	0	1	2	2	3;5;8	3;6;11	2	0	2	5;9													
585	Scratch	3	1	0	0	2	1;2;3;4;5;7;11	0	0	0	0													
770	Scratch	3	1	0	0	1;2	9	2	1	2	21													
851	Scratch	1	1	4	1	2	0	1	3	0	0													
518	Scratch	4	1	0	0	2	0	2	3	0	0													
228	Scratch	4	1	4	1	1;2	0;9;14	1	1	0	0													
53	Scratch	3	1	14	1	2	0	2	3	2	0													
906	Scratch	3	1	0	0	1;2	0	2	3	0	9;15													
58	Scratch	1	1	0	0	1;2	0	2	3	0	0													
123	Scratch	0	1	8	2	1;2	0	2	0	0	0													
523	Scratch	3	1	8	0	2	0	0	0	1	21													
879	Scratch	3	1	11	0	2	0;2;3;4;5;6;7;8;9;10;11;12;13;14;16	2	0	1	21													
683	Scratch	1	1	0	2	1;2;3	0;7	2	0	0	18													
548	Scratch	1	1	9	1	1;2;3	0;2;7	2	0	0	21													
641	Scratch	4	1	7	0	2	0	2	0	0	0													
77	Scratch	4	1	0	0	3	3	0	0	1	2;8;14													
557	Scratch	2	1	7	2	1;2;3;8	0;8;12	2	1	0	0													
931	Scratch	1	0	15	0	2	0	1	0	1	2;21													
71	Scratch	2	1	3	1	2	0	2	0	0	0													
584	Scratch	1	1	1	0	1;2	0	2	0	0	9;19													
334	Scratch	0	1	0	2	1;2;3	0;3	2	1	0	12													
308	Scratch	1	1	0	1	2	4	3	0	0	0													
236	Scratch	1	1	14	4	1;2		2	0	0	0													
743	Scratch	1	1	0	1	2	0;8;15	2	0	0	0													
299	Scratch	3	0	0	0	2;3	3;11;12	1	2	1	10;21													
633	Scratch	3	1	3	0	1;2	0	2	1	0	0													
654	Scratch	3	0	0	0	7	0;5	0	0	0	2;5;9;10													
834	Scratch	0	1	11	1	1;2;3	0;5;8	2	0	0	0													
65	Scratch	1	0	0	0	2	0	2	1	1	2;21;24													
131	Scratch	0	1	0	2	1;2	0	2	3	0	0													
95	Scratch	0	1	11	2	1;2	0	2	3	0	9;21													
635	Scratch	3	1	0	1	2	0	2	3	0;1	0													
420	Scratch	4	1	0	4	9	3	2	1	3	14;15;18													
530	Scratch	4	1	0	4	1;2		2	3	0	0													
400	Scratch	0	1	8	2	1;2	0	2	0	1	21													
134	Scratch	1	0	11	4	1;2;7	0;11	2	0	0	2;4;5;6;9;10;12;15;21;24													
790	Scratch	3	1	0	0	2	0	2	0	0	0													
811	Scratch	3	1	15	0	2	0	0	3	1	0													
813	Scratch	3	1	1	4	9		2	3	0	0													
46	Scratch	3	1	15	0	0;1;2	0	2	3	0	0													
101	Scratch	4	1	0	0	1;2	1	2	0	0	14													
884	Scratch	2	1	0	1	2	1;2;3;4;5;6;7;9;11;14;16	2	3	0	9													
453	Scratch	1	1	4	2	1;2;3;5	0;4	2	1	0	0													
674	Scratch	2	1	5	0	1	0	2	0	0	0													
598	Scratch	1	1	0	0	1;2	0	2	3	2	12;14;21													
437	Scratch	1	0	0	2	4;6	7;10	2	1	0	21													
9	Scratch	2	1	13	4	4;6	11	2	3		4;5;9;24													
458	Scratch	3	1	1	0	3	1	2	0	0														
917	Scratch	1	0	0	0	0;2	11	1	1	0	12;21													
558	Scratch	2	1	19	4	0;1;2	0;5	2	1	0	5													
213	Scratch	1	1	0	4	9		2	0	0														
328	Scratch	3	0	2	0	2	0	1	0	0	21													
549	Scratch	1	1	15	2	1;2;3;5	0;3;6	2	3	0	9													
433	Scratch	2	1	1	0	1;2	0;4;12	2	0	0	0													
394	Scratch	1	1	14	1	2;3	0;16	2	3	1	0													
304	Scratch	1	0	14	0	2;3	0;8;10	2	0	0	24													
303	Scratch	4	0	11	4	4	11;12	1	1	1;3	2;5;9;10;21													
865	Scratch	3	0	0	0	2	0	2	1	2	18;21													
254	Scratch	1	0	11	2	1;2;3	0;8;12;16	2	2	1;2	14;21													
856	Scratch	1	1	4	3	1;2;3	0;2	2	3	0	0													
243	Scratch	3	0	1	3	1;2;3	0;11;16	2	3	0	2;5;7;10;15;24													
301	Scratch	1	1	0	1	2	0;7;9	2	3	1	0													
112	Scratch	2	1	2	0	3	3;6	2	0	0	9													
921	Scratch	3	1	0	0	1;2	0	2	1	0	0													
111	Scratch	1	1	15	2	0;1;2;3	0;7	2	1	0	0													
483	Scratch	1	1	11	0	1;2;3;5	0;13	2	3	0	0													
22	Scratch	3	1	2	0	2;3	3	1	0	0	2;7;15													
205	Scratch	0	1	1	2	0;1;2;3	0;3	2	3	0	21													
638	Scratch	1	0	0	4	9	11	2	0	0	4;5;6;9;10;12;18													
666	Scratch	1	1	17	0	2	0	1	0	1	12;21													
246	Scratch	1	1	4	0	2	1	2	0	1														
162	Scratch	3	1	8	0	2	4;12	2	0	0	0													
30	Scratch	1	1	4	1	0;1;2	0;4	2	3	0														
173	Scratch	2	1	13	1	1	0	2	3	0	0													
551	Scratch	2	1	15	0	2	0	2	0	1	0													
237	Scratch	0	1	8	2	1;2;3	0;4;13	2	3	0	0													
370	Scratch	1	1	16	0	2	0	2	0	1;2	0													
67	Scratch	1	0	3	0	2	0	2	1	0	2;5;15;24													
842	Scratch	1	1	4	1	2	0	2	1	1	21													
911	Scratch	2	1	19	4	1;2	0	2	3	0	15													
127	Scratch	3	0	11	0	1;2;3	1	2	0	0	0													
450	Scratch	1	1	2	1	3	3;6	2	0	0	21													
706	Scratch	0	0	8	2	1;2	0	2	0	1	21													
902	Scratch	1	1	0	1	2;3	0;7	2	3	0	0													
347	Scratch	3	1	0	1	1;2;3	1	1	0	1;2	10;16;18;19;21													
579	Scratch	3	1	0	0	4	11	2	1	5	8;9;10;15;24													
735	Scratch	2	1	12	4	9		2	0	0	0													
274	Scratch	1	1	17	1	3	3;6;11	1	3	2	5;9;21													
801	Scratch	2	1	13	0	4		2	0	0	0													
291	Scratch	2	0	2	0	3	3;6	2	3	0	0													
92	Scratch	0	1	8	2	1;2	0	2	0	0	21													
194	Scratch	2	1	9	1	9	1	1	3	0	0													
422	Scratch	2	1	0	0	1;2	0	0	1	0	12;21													
679	Scratch	3	0	12	0	2	0	2	2	2	2;8;21													
623	Scratch	0	0	8	2	1;2	0;12	2	1	0	0													
524	Scratch	3	1	11	0	2	2;3;5;6;9;12;13;14;16	0	1	0	21													
349	Scratch	3	1	5	0	2	0;2;3;5;6;7;9;12;13;14	2	0	0	0													
255	Scratch	0	1	4	1	1;2;3	0;3;14	2	0	0	0													
284	Scratch	4	0	4	1	1	0;7;9	2	0	0	0													
575	Scratch	3	0	0	0	2	0	2	0	0	0													
545	Scratch	0	1	8	2	1;2;3	0;12	2	3	0	0													
20	Scratch	0	1	6	2	1;2	0	2	0	0	0													
853	Scratch	3	1	11	0	1;2	0	2	0	0	0													
490	Scratch	3	1	2	0	3	3;6	2	0	1	2;8;14;15													
49	Scratch	3	1	15	0	2	0	2	0	0	0													
646	Scratch	3	0	4	4	9	11	0	3	0	4;5;6;9;10;16;18;24													
322	Scratch	3	1	11	0	2	4	1	0	0	2;21													
157	Scratch	4	1	0	1	1;2;3	9	2	0	0	0													
870	Scratch	1	1	4	0	2	0	2	0	0	0													
459	Scratch	2	1	4	0	2	1;2;3;4;5;6;7	2	3	0	0													
72	Scratch	3	0	0	0	2	0;12	2	1	2	2													
915	Racket	1	0	0	1	0;1;2;3;4;5;6;8	4;11	0	3	0	9;18;21;24													
883	Racket	4	1	3	4	3	9;11	1	1	3	5;15													
614	Racket	2	0	0	0	5	3;6	0	1	3	9;16;18;21													
42	Racket	1	1	15	0	3;5	3;6	2	3	0	9;21													
242	Racket	2	0	3	1	3	3;6;11	2	1	1	6;9;18;21													
11	Racket	2	0	0	2	3	3	2	1	0	0													
265	Racket	2	1	3	0	2;3	3;6	2	3	0	0													
224	Racket	1	0	11	3	3;4;5	3;6	1	1	0	0													
855	Racket	1	1	0	3			2	1	0	0													
19	Racket	3	1	1	0	3	3;4;6;11	2	1	0	2;15													
789	Racket	1	1	4	0	3;5	3;6	2	1	0	0													
359	Racket	3	1	14	0	3	3;6	2	3	0	0													
711	Racket	4	1	0	0	3	3;6;11;15	2	2	2	8													
755	Racket	2	1	11	4	3;5	3;6	2	0	0	4													
241	Racket	2	0	6	0	3	3;6;11	2	0	0	5													
812	Racket	3	1	1	0	3	3;6;11	2	0	2	2;10;14;15													
378	Racket	1	1	10	1	1;2;3	3;12	2	3	0	0													
531	Racket	1	1	0	1	3;5	3;4;6	1	1	1	18;21													
485	Racket	1	1	17	0	3	3;6	2	0	0	0													
289	Racket	2	0	2	1	3	3;6;11	2	0	1	0													
313	Racket	3	1	15	0	3	3;6	2	0	0	0													
869	Racket	3	1	4	2	1;2;3	1	2	0	0	2;4;5;15;21;24													
527	Racket	2	1	14	0	3	3;6	1	0	0	2;5;9;21													
384	Racket	1	1	0	4	1;2	0	0	3	0	18;21													
632	Racket	1	1	15	0	3	3;6	2	3	0	0													
581	Racket	1	1	0	1	3	3;11	2	1	2	10;21;24													
325	Racket	1	0	3	0	3;5	3;6	2	0	0	5													
686	Racket	2	1	1	2	4	11	0	0	0	2;15;21;24													
806	Racket	2	0	1	1	3	3;6	1	3	3	2;5;9;15;18;24													
630	Racket	3	1	11	0	3	3;6	2	0	0	2;4;15													
4	Racket	2	1	0	0	3	3;6	2	1	0														
441	Racket	1	1	8	3	3	3;6	2	3	0														
499	Racket	1	1	0	3	3	3;6	2	1	0	0													
752	Racket	3	1	9	0	3	1	2	1	0	0													
252	Racket	1	0	10	1	3;4;5	3;6	2	1	0	0													
748	Racket	1	1	15	1	2;3	3;6	2	1	0	9													
724	Racket	2	0	0	0	3	3;6;11	2	0	3	10													
528	Racket	1	1	2	1	3;5	3;6	0	1	1	21													
824	Racket	4	1	1	0	3	3;6	2	1	0	8;14;15													
887	Racket	1	0	0	0	3	3;6	2	1	0	5													
715	Racket	2	1	0	0	3	3;6	2	0	1	21													
373	Racket	0	1	0	2	3;5	3;6	2	3	0	0													
91	Racket	1	1	0	2	3;4;5	3;6	2	0	0	9;21													
753	Racket	2	1	3	0	3	3;6	3	0	0	0													
232	Racket	0	1	0	1	3	3;6	2	1	0														
621	Racket	2	1	0	0	3	3;6	2	1	0	5													
93	Racket	1	0	4	0	3	3;11	0	0	1;2;3;4	9;21;24													
680	Racket	1	1	0	4	7	3;6	2	0	0	21													
650	Racket	1	0	12	1	3;5	3;11	2	1	1;3	2;5;8;9;10;18;21;24													
881	Racket	2	1	1	0	3	3;6	2	3	0	0													
8	Racket	1	1	15	1	3;5	3;6	2	1	0	0													
261	Racket	1	1	2	1	3	3;6	2	3	3	24													
932	Racket	1	1	15	1	3	3;6	2	3	0	0													
745	Racket	3	1	4	1	3	3;11	1	0	1;2;3	2;4;5;8;9;10;15;16;18;19;21;22													
256	Racket	0	1	10	2	1;2;3;5	0;3;6	2	1	5	21													
74	Racket	2	0	0	0	2;3	0;3;9	1	1	1;2;4	5													
39	Racket	2	1	0	0	2;3	3;6	1	0	1;2	2;15;18;21													
692	Racket	2	1	12	4	9		0	1	0	12;21													
234	Racket	1	1	13	1	3	3;5;6	1	1	1	0													
885	Racket	3	1	4	0	3	3;6	1	1	0	2;9;15													
314	Racket	1	1	1	4	3	3;6	2	1	0	9													
48	Racket	3	1	17	0	3;5	3;6;11	1	1	0	8													
677	Racket	2	1	0	0	3	3;11	2	0	3	4;9;14;15;24													
119	Racket	1	1	12	0	3	3;11	2	1	2	4;5;6													
929	Racket	1	0	1	1	3;5	3;6	1	1	0	0													
280	Racket	1	1	4	0	2;3	2;3;8;10	2	0	0	0													
787	Racket	0	1	2	2	2;3;5	3;12	2	1		5													
113	Racket	1	1	0	3	3	3;6;12	2	1	0	0													
44	Racket	2	1	4	0	3	3;6	2	0	0	5													
266	Racket	1	0	6	1	3	3;6	2	1	0	9;10;18;21													
94	Racket	1	1	0	3	1;2;3;4;5;8	4	1	1	0	5													
731	Racket	1	1	2	0	3	3;6	2	1	1	2;5;9;10;14;21													
464	Racket	0	1	8	2	3	8;15	2	0	0	5;6													
180	Racket	3	1	4	0	3	3;11	2	2	1;2	5;10;21													
520	Racket	4	1	15	0			2	1	1	21;24													
50	Racket	3	1	15	0	3	3;6;11	1	1	3	2;8													
392	Racket	4	1	12	0	3	3;6;11	0	1	2	5;8;9													
406	Racket	4	1	4	0	3	3;6	2	3	0														
536	Racket	3	0	16	0	3	3;12	2	1	2	14													
707	Racket	1	1	6	3	3	3;12;14	2	3	0	0													
792	Racket	1	1	7	1	3	3;6	2	0	0	5													
120	Racket	0	1	0	1	3;5	3;6	2	1	0	9;10;21													
354	Racket	2	1	4	0	3	3;6	0	1	1;2	9													
495	Racket	3	1	9	0	3	3;6	0	1	1	9;21													
872	Racket	2	1	11	0	3	3;6	2	0	2	2;8;15;24													
220	Racket	1	1	0	0	3	3;6	2	1	1	21													
235	Racket	0	1	2	2	3;5;8	3;6;11	2	0	2	5;9;21													
898	Racket	2	1	0	1	3	3;6	2	1	0	2;15													
814	Racket	1	1	0	1	5	3;6	2	1	0	9													
308	Racket	1	1	0	1	1;2;3	4;11	2	1	0	21													
622	Racket	1	1	1	0	3	3;6	2	0	0	14;18													
500	Racket	2	1	15	1	3	3;6;11	2	3	2	21													
544	Racket	1	1	0	0	3	3;6	2	0	0	9													
455	Racket	1	1	0	0	3	3;6	2	1	1	21													
843	Racket	1	1	0	4	3	3;6	2	0	0	9													
637	Racket	3	1	11	0	3	3;6	2	1	0	0													
589	Racket	2	0	4	0	2;3;8	3;12;16	2	1	0	2;5;13;24													
420	Racket	4	1	0	4	9	3	2	1	3	14;15;18;21													
13	Racket	4	1	0	1	3;5	3;6	1	3	3	1;2;5;8;9;10;15;21;24													
283	Racket	1	1	0	3	0		0	3	0	0													
803	Racket	1	1	3	2	3;5	3	0	1	0	21													
608	Racket	3	0	4	0	3	3;6	2	1	2	2;10;15;24													
864	Racket	3	0	0	0	3	3;6;11	2	3	3	2;9;15;18;19;21;24													
98	Racket	2	1	15	0	3	3;6	2	1	0	0													
211	Racket	3	0	0	0	2	0;1;10	0	1	1	2;5;9;12;14;15;18;21													
243	Racket	3	0	1	3	1;2;3	0;11;16	2	3	0	2;5;6;7;10;15;24													
873	Racket	1	1	2	3	5	3;6	2	0	0	9													
409	Racket	4	1	7	0	3	3;6	2	1	0														
215	Racket	1	1	3	1	3	3;6	2	1	0	5													
216	Racket	2	1	0	0	3	3;12	2	1	0	4;15													
342	Racket	1	1	0	0	3	3;6	2	0	0	0													
361	Racket	3	1	4	1	3;4	1;3	1	0	0	2;4;5;8;15;21;24													
776	Racket	1	1	4	3	3	3;6;11	2	1	0	9;18													
82	Racket	1	0	3	0	3	3;6	2	1	0;1	0													
247	Racket	1	1	10	1	3	3;6;8	2	1	0	0													
239	Racket	1	0	6	0	3	3;6;11	2	0	2	2;8;10;15;18;21													
909	Racket	1	1	0	0	3	3;6	2	1	0	0													
263	Racket	1	0	14	0	3	3;6;11	1	1	0	4;5;15;18;24													
427	Racket	0	1	0	2	3;5	3;6	1	3	0	9;21													
270	Racket	2	1	15	1	3	3;6;11	2	3	0	0													
535	Racket	1	0	7	1	3;5	3;6;11	2	2	3	2;4;5;9;14;15;18;21													
539	Racket	2	0	1	0	3	3;6;11	2	1	1	21													
148	Racket	1	1	0	0	2;3	0;3;11	0	1	1;2	9;21													
358	Racket	3	1	8	0	3	3;11	1	1	3	2;9;10;14;15;21													
865	Racket	3	0	0	0	2	0	2	1	2	2;18;21													
204	Racket	2	1	4	3	3;5	3;5	2	1	0	9													
738	Racket	2	1	4	0	3	3;6	1	0	0	14													
126	Racket	3	1	1	0	3	3;6	2	0	0	2;7;15;21													
620	Racket	2	1	4	0	3	3;6	2	3	2	5;15;24													
508	Racket	2	1	2	0	3	3;6;11	2	0	3	5;9;18;21													
277	Racket	1	0	0	2	3;5	3;6	2	3	2;5	18													
35	Racket	4	1	4	1	1;2;3	0;3;6;11	2	1	5	2;8;15													
333	Racket	3	1	3	0	3	3;11	2	3	1	9;21													
481	Racket	1	1	0	0	3	3;6;11	0	1	0	0													
179	Racket	3	1	4	3	3	3;6	1	1	0	8;15													
501	Racket	2	1	13	0	3	3;6	2	0	0	0													
264	Racket	0	1	10	2	1;2;3;4;5	0;3;6	2	0	0	0													
472	Python	3	1	0	0	3	3;6	2	0	0	0	1	1	5	5	5	5	6	6	6	4	4	4	5
249	Python	1	0	0	1	3	3;6	2	1	1;2	2;5;9;18	1	1	1	2	3	4	4	4	5	0	2	2	2
547	Python	3	1	0	0	3	3;6	2	0	0	2;8	1	1	1	1	0	2	6	4	1	4	1	1	5
107	Python	4	1	0	1	3	3;6	0	3	1	2;4;20;21;24	1	1	1	1	2	1	4	4	5	4	1	1	2
327	Python	2	0	0	2	0;1;2;3;5	7	2	3	4	2;4;5;9;10;14;15;18;21;24	1	1	1	2	0	5	2	4	5	0	2	3	2
681	Python	1	1	7	2	1;2;9	0;14	2	0	5	10	1	1	2	2	0	1	2	4	4	0	4	4	3
686	Python	2	1	1	2	4	11	0	0	0	2;15;21;24	1	1	1	3	5	5	4	6	6	0	4	4	5
746	Python	0	1	13	1	3		3	0	1;2;3	9;10;21	1	1	1	2	3	4	4	4	5	4	4	4	5
40	Python	1	1	12	1	3	3;6;11	2	0	5	2;4;5;9;10;15;24	1	1	3	2	0	1	6	6	6	4	4	4	5
577	Python	3	0	0	0	6	11	2	1	5	2;8;15	1	1	4	2	3	4	2	4	5	0	4	4	3
880	Python	1	1	0	2	1;2	0	2	3	0		1	1	5	3	5	5	4	6	6	0	4	4	5
673	Python	1	1	0	0	3	10	2	0	0	9;10	1	1	5	3	5	5	2	6	6	4	4	4	5
611	Python	0	0	0	2	1;2;3	0;15	2	3	0	0	1	1	2	1	5	5	5	6	1	0	2	2	3
245	Python	2	0	19	0	2;3	0	2	1	0	0	1	1	2	4	5	5	2	6	4	4	4	4	5
335	Python	2	1	0	1	5;6;7	6	0	1	0	8;18	1	1	2	1	0	0	2	1	6	4	4	4	2
88	Python	1	1	15	2	1;2	0	2	1	0	5	1	1	5	5	5	5	6	6	6	4	4	4	5
694	Python	3	1	0	0	2;3	4;11;14	2	1	0	0	1	1	5	5	5	5	2	6	6	4	4	4	5
19	Python	3	1	1	0	3	3;4;6;11	2	1	0	2;15;21	1	1	1	0	5	5	0	6	0	0	1	4	5
499	Python	1	1	0	3	3	3;6	2	1	0	0	1	1	2	2	0	1	2	6	6	3	4	4	5
540	Python	1	0	4	4			0	3		2;4;5;6;9;10;14;15;18;24	1	1	1	2	3	4	4	0	1	0	2	4	2
295	Python	1	0	9	0	1;2	0	2	0	3	21;24	1	1	1	2	5	5	4	6	6	4	4	4	5
148	Python	1	1	11	0	2;3	0;3;11	0	1	1	9;21	1	1	1	2	5	5	0	6	6	1	3	4	4
292	Python	1	0	12	0	2;3;5	0;3;11	2	0	2	21	1	1	0	3	5	5	2	6	6	4	4	4	5
129	Python	1	0	4	1	3	12	2	0	0	0	1	1	5	5	5	5	6	6	6	4	4	4	5
158	Python	1	1	2	0	3	3;6	2	0	0	0	1	1	5	5	5	5	6	6	6	4	4	4	5
893	Python	4	1	0	4	9		2	0	0	0	1	1	2	4	5	5	4	4	5	0	3	1	4
117	Python	1	1	0	2	3	8;15	2	0	0	0	1	1	3	4	0	4	2	1	1	0	1	1	2
615	Python	1	0	1	1	3	3;6	1	1	1	9;10;18	1	1	1	2	3	4	4	4	1	0	4	2	2
443	Python	3	1	0	0	6	11	0	3	0	5;9;10;15	1	1	2	2	3	4	3	4	5	0	4	4	2
468	Python	1	1	10	2	3;5	5;8	2	1	0	0			1	5	5	5	6	6	6	4	4	4	5
287	Python	2	0	4	0	3	3;11	1	1	1;3	2;4;5;8;9;10;15;16;18;21;24	1	1	1	2	3	4	4	4	5	0	2	2	2
135	Python	1	0	0	4			0	1					1	2	0	0	2	4	5	0	2	4	2
664	Python	1	1	0	1	3;5	5;6	2	1	0	19	1	1	4	2	1	0	3	4	6	0	3	4	2
723	Python	2	0	4	0	3	3;6	2	0	0;1	5;15	1	1	2	2	5	5	6	6	6	4	4	4	5
154	Python	3	1	0	0	1;2;3	1	2	1	0	9;21	1	1	1	2	0	5	2	0	1	0	4	4	2
711	Python	4	1	0	0	3	3;6;11;15	2	1	2	8;15;21	1	1	1	3	3	4	4	4	5	0	4	1	2
763	Python	3	1	0	1	3	8;16	2	0	0		1	1	0	5	5	5	5	6	6	4	4	4	5
914	Python	1	1	15	0	3	4	2	0	0	0	1	1	1	5	5	5	5		5	4	4	4	5
915	Python	1	0	0	1	0;1;2;3;4;5;8	4;11	0	3	0	2;9;18;24	1	0	0	2	3	4	2	4	5	0	2	0	3
56	Python	2	1	11	4	2;3	0	2	1	2	21	1	1	5	0	5	5	2	6	6	4	4	4	5
50	Python	3	1	15	0	3	3;6;11	1	1	3	2;8;15	1	1	2	2	0	5	4	0	1	0	1	4	2
715	Python	2	1	0	0	3	3;6	2	0	0	21	1	1	2	3	5	5	2	4	5	4	4	1	5
105	Python	1	1	11	4	3	3;6;11	0	1	2	1;2;4;5;6;8;9;15;16;18;21;24	1	1	1	2	3	4	4	4	5	0	4	4	3
636	Python	2	1	0	1	2;3	1	2	0	0	0	1	1	5	5	5	5	6	6	6	4	4	4	5
913	Python	3	0	4	4	8;9		2	0	0	2;8;15;16	1	1	1	2	2	4	4	4	5	0	4	1	2
115	Python	1	1	2	0	3	3;6	2	0	0	0	1	1	2	3	5	5	6	6	0	4	4	4	5
15	Python	3	1	1	0	3;5	9	1	1	0	0	1	1	2	2	5	5	6	6	6	4	4	4	5
393	Python	2	1	3	0	3	3;6;11	1	0	1;3	2;4;5;8;15;21;24	1	0	1	2	3	4	4	4	5	0	1	1	2
60	Python	4	1	3	0	4	7	2	3	0	0	1	1	0	5	5	5	2	6	6	4	4	4	5
537	Python	2	0	1	4	9		2	0		0	1	1	1	2	3	4	2	6	4	4	4	4	5
382	Python	1	0	6	0	3	3;6	2	1	5	5;21	1	1	0	3	5	5	4	4	5	4	1	1	2
777	Python	1	1	6	0	3	3;6;11	0	1	1;2	21	1	1	1	2	3	4	4	4	5	0	3	4	
777	Python	1	1	6	0	3	3;6;11	0	1	1;2	21	1	1	1	2	3	4	4	4	5	0	3	4	
777	Python	1	1	6	0	3	3;6;11	0	1	1;2	21	1	1	1	2	3	4	4	4	5	0	3	4	
39	Python	2	1	0	0	2;3	3;6	1	0	1;2	2;15;18;20;21	1	1	4	2	0	5	4	4	5	0	4	4	2
350	Python	4	1	2	0	3;5	14	2	1	0	0	1	1	2	5	5	5	6	6	6	4	4	4	5
550	Python	1	1	2	1	3	3;6;11	2	1	1	2;4;5;8;9;21	1	1	1	2	3	4	4	4	5	0	2	4	2
704	Python	1	1	1	3	3	3;6	1	1	0	4;8;10	1	1	1	2	5	5	6	6	4	4	4	4	2
847	Python	4	0	0	0	1;2;3	0;1;2;3;5;6;11;13;14;16	0	3	3	3;4;9;10;12;13;14;17;18;19;20;21;22;23	1	0	2	2	3	4	2	4	5	0	2	2	2
3	Python	3	1	9	0	3	3;6;11	0	1	3	2;14;21	1	1	2	2	0	2	2	1	1	0	2	1	2
702	Python	3	1	12	0	3	3	2	0	2	2;8;14;15	1	1	1	2	0	0	2	4	5	0	4	4	5
114	Python	1	1	0	0	2;3	4	2	0	0	0	1	1	0	3	1	2	0	4	1	1	3	1	1
208	Python	1	0	1	1	3;4;5;6;8	2;7	2	0	0	0	1	1	2	3	5	5	6	6	6	4	4	4	5
156	Python	2	1	1	3	3;5	4	1	0	0		1	1	0	5	5	5	0	6	6	4	4	4	5
606	Python	4	1	0	0	3;5	4;11	2	1	5	10;15	1	1	3	2	5	5	2	6	6	4	4	4	5
731	Python	1	1	2	0	3	3;6	2	1	1	5;9;10;14;21	1	1	1	3	0	5	2	3	3	0	4	4	2
225	Python	3	1	0	0	3	4	2	3	0	0	1	1	2	4	1	1	2	4	5	0	4	1	2
439	Python	3	1	10	4	9	11	0	1	5	4;7;8;15;24	1	1	2	3	0	1	2	6	1	0	3	4	2
753	Python	2	1	2	0	3	3;6	2	0	0	0	1	1	5	5	5	5	6	6	6	4	4	4	5
102	Python	4	1	0	4	9	11	0	3	3	7;8;10;13;15;21	1	1	2	3	0		4	4	5	0	4	4	2
668	Python	1	1	0	0	3;5	2;3;4;5;6;7;8	2	1	0	0	1	1	2	2	5	5	2	6	6	4	4	4	5
885	Python	3	1	0	0	3	3;6	1	1	0	2;9;15	1	1	4	2	0	5	2	1	4	0	4	4	2
426	Python	2	1	0	1	3	3;11	2	3	2		1	1	4	3	0	1	2	1	0	1	4	4	5
96	Python	4	0	4	0	3	3;11	1	0	3	2;8;9;16;18;21	1	1	2	3	3	5	2	6	6		4		5
724	Python	2	0	0	0	3	3;6;11	2	0	3	10	1	1	2	2	3	4	2	0	1	0	2	0	2
513	Python	2	0	0	0	3	10	2	0	5	15;21	1	1	2	5	5	5	2	6	6	4	4	4	5
104	Python	3	1	11	4	0;1;2;3;5	11	0	0	3	10;21	1	1	5	5	5	5	6	6	6	4	4	4	5
793	Python	2	1	17	0	3	3;11	1	0	1	2;4;5;6;8;9;15;24	1	1	1	2	3	4	0	4	5	0	3	2	2
379	Python	2	0	0	0	3	3	2	0	1	0	1	1	2	2	5	5	6	3	6	4	4	4	5
428	Python	2	1	0	0	3	3;6	2	1	3	4;5;8;15;24	1	1	1	2	3	4	4	0	1	0	2	1	2
627	Python	1	1	2	0	3	3;6	2	0	5	5;14		1	2	2	0	1	4	5	4	4	4	4	5
219	Python	2	1	12	1	2;3;5;8	2;4	2	3	0	10	1	1	5	2	1	2	4	4	5	0	4	4	2
256	Python	0	1	10	2	1;2;3;5	0;3;6	2	1	5	21	1	1	2	2	0	5	4	5	5	4	4	4	4
830	Python	2	0	0	0	4	7;11	2	3	0	2;10	1	1	5	0	5	5	2	6	6	4	3	4	5
819	Python	2	1	0	0	3;5	12;15	2	0	0	0	1	1	2	5	5	5	6	6	6	4	4	4	5
721	Python	1	0	3	0	3	3;6	2	0	0	0	1	1	1	3	5	5	2	6	5	4	1	4	2
923	Python	1	1	0	1	3	1;2;3;4;5;6;7;8;9;16	2	1	0	0	1	1	5	5	5	5	6	6	6	4	4	4	5
189	Python	3	1	17	0	3	12	2	0	0	0	1	1	0	3	0	2	2	3	4	0	2	3	4
760	Python	3	1	10	0	7	11	0	0	0	2;9;10;14;15;24	1	1	1	2	5	5	0	6	0	4	2	4	5
742	Python	0	1	8	2	3	15	2	1	0	0	1	1	2	5	5	5	2	1	0	0	2	1	5
878	Python	2	0	1	1	8	11	0	1	1	2;3;4;5;6;9;10;12;13;14;15;16;18;19;20;21;23;24	0	0	1	2	3	4	4	4	5	0	2	2	2
520	Python	4	1	15	0	9		2	1	1	21;24	1	1	2	3	0	0	4	4	5	0	3	4	2
41	Python	1	1	0	2	4	1;10	1	1	0	10;18	1	0	5	1		5	6	6	6	4	4	4	5
705	Python	1	1	19	2	3;5	2	2	3	0	0	1	1	2	5	5	5	6	6	6	4	4	4	5
889	Python	2	0	8	4			1	1		2;9;10;15;18;24	1	0	3	2	3	4	2	4	5	2	4	4	3
489	Python	2	1	1	0	3	3;6;11	0	1	1	9;14;15;21	1	1	1	2	0	5	4	4	4	0	2	4	2
368	Python	2	1	0	4			2	0		9;13;15	1	1	1	2	5	5	4	0	1	0	4	4	2
928	Python	1	1	0	1	3;5	3;6	2	0	0	0	1	1	4	5	0	5	4	6	6	4	4	4	5
785	Python	2	1	3	0	3	1	0	0	0	21	1	1	2	3	5	5	1	6	6	4	2	4	5
177	Python	1	1	0	3	3	5;6	2	3	0	0	1	1	2	4	5	5	0	6	5	0	4	1	5
846	Python	3	0	0	0	2;3	1	2	0	0	2	1	1	2	3	5	5	2	0	3	2	1	1	4
802	Python	1	1	0	1	3	3;6	2	1	0	5;9;10	1	1	2	3	0	1	2	4	5	4	4	4	2
857	Python	3	1	0	0	4	3;11	1	0	3	6;8;9;10;21;24	1	1	1	2	3	4	3	4	5	0	2	4	2
542	Python	1	0	2	1	3;5	3;6	2	1	0	0	1	1	2	2	0	1	4	6	1	0	4	4	5
380	Python	1	1	11	0	2;3	3;6;11	2	3	1	21	1	1	2	3	5	5	2	4	1	4	4	1	5
242	Python	2	0	3	1	3;5	3;6;11	2	1	1	3;6;9;18;21;24	1	1	1	3	2	4	2	4	5	0	3	4	2
804	Python	2	1	4	4	9	3;6;12	2	0	0	5	1	1	1	2	3	4	2	4	5	4	4	1	2
465	Python	1	0	0	0	1;2;3	0;2;3;4;5;11;12;16	2	0	0	4;14	1	1	2	2	1	5	6	6	6	4	4	4	5
652	Python	3	0	0	4	9	11	2	3	2	2;14	1	1	1	2	3	4	2	4	5	0	2	2	2
755	Python	2	1	11	4	3;4;5	3;6	2	1	0	4	1	1	1	2	2	5	2	6	6	4	4	4	4
329	Python	3	0	9	4	9		2	1	0	0;2	1	1	1	5	5	5	6	3	3	4	4	1	5
599	Python	1	1	6	4	9		2	0	0	4;5;6;9;10	1	1	1	0	1	2	0	1	1	0	1	1	2
713	Python	2	1	6	3	3	2	2	3	0	0	1	1	5	5	5	5	6	6	6	4	4	4	5
532	Python	1	0	4	0	3	3;6	2	0	0	2;5;15	1	1	1	2	3	4	4	4	5	0	2	4	2
341	Python	2	1	0	1	2;3;5;8	14	2	3	0		1	1	2	3	1	0	2	6	6	0	4	1	1
354	Python	2	1	4	0	3	3;6	0	1	1;2	9;21	1	1	1	0	3	4	4	4	5	0	4	4	3
677	Python	2	1	0	0	3	3;11	2	0	3	4;9;15;24	1	1	1	2	3	4	4	4	5	0	4	4	2
360	Python	2	1	3	0	3;5	3;6	1	1	0	9	1	1	1	2	3	4	0	0	0	0	2	4	5
383	Python	1	1	1	0	3	3;6;11	0	1	1;3	10;14;17;18;21	1	0	1	2	0	5	4	6	1	0	4	4	2
605	Python	3	0	3	0	3	3;6	2	1	2	2;15	1	1	1	3	5	5	4	4	4	0	4	4	5
797	Python	2	1	2	0	2;3;5	6	0	0	1	15;21	1	1	1	3	0		2	0	1	0	3	4	2
240	Python	2	0	15	0	2	0	2	0	0	0	1	1	1	3	3	4	2	4	5	0	2	0	2
356	Python	3	0	0	0	2;3;8	3;6;11	1	0	1;3;4	2;4;5;6;8;9;10;14;15;16;18;21;24	1	0	1	2	0	1	0	4	5	0	0		2
384	Python	1	1	4	4	1;2	0	0	3	0	21	1	1	5	5	5	5	6	6	6	4	4	4	5
221	Python	1	1	0	4	1;2;3	2;11	2	0	5	5;21	1	1	2	2	5	5	2	6	4	4	3	4	3
42	Python	1	1	15	0	3;5	3;6	2	3	0	9;21	1	1	1	2	0	1	2	3	3	0	4	4	5
591	Python	1	1	2	1	2	0	0	0	0	0	1	1	0	4	2	4	4	6	0	0	1	4	2
750	Python	3	1	9	0	3	3;6;11	2	0	1;2;3	2;9;10;15;21;24	1	1	1	3	0	4	4	4	5	0	4	4	2
671	Python	4	1	4	2	3;5;6;7;9	3;6;11	1	0	1;2;5	4;7;8;9;15;24	1	1	1	3	0	1	0	3	3	4	1	1	2
235	Python	0	1	2	2	3;5;8	3;6;11	2	0	2	5;9;21	1	1	1	3	0	5	2	6	1	0	4	4	2
823	Python	2	1	9	0	3	1	2	3	0	0	1	1	1	3	0	1	4	3	5	4	4	4	4
31	Python	1	1	4	1	3	3;6	2	1	1	5	1	1	2	3	3	4	4	0	1	0	4	4	5
142	Python	2	0	3	0	2;3	4	2	0	0	2	1	1	5	5	5	5	2	0	1	4	4	4	5
217	Python	0	1	17	4	9		2	0		21	1	1	4	3	5	5	0	6	6	4	4	4	5
445	Python	3	1	9	0	3	3;6	0	0	0	15;21	1	1	1	3	0	1	6	6	1	4	4	4	5
85	Python	1	0	10	0	2	0	0	0	3;4	4;21	1	1	2	4	1	4	2	4	4	0	2	2	2
416	Python	3	0	1	0	5	13	1	1	0	2	1	1	3	2	5	5	2	1	0	0	1	3	5
583	Python	1	1	1	0	3	3;6;11	0	1	3	10;14;21	1	1	1	2	0	5	6	4	4	0	4	1	2
584	Python	1	1	1	0	1;2	0;3	2	0	0	9;19;21	1	1	1	2	0	5	2	6	6	0	2	4	2
476	Python	1	1	0	1	3;5	1;9	2	1	0	0	1	1	5	5	5	5	6	6	6	4	4	4	5
2	Python	3	1	1	0	3	3;6	1	0	1	2;14;21	1	1	2	3	1	2	2	0	6	0	1	1	5
34	Python	3	1	15	2	3	11;12;15	2	1	0	9;18	1	0	1	2	3	4	2	4	5	0	4	0	2
211	Python	3	0	0	0	2	0;1;10	0	1	1;2;4	2;5;9;12;14;15;21;24	1	1	1	3	5	5	2	4	5	0	3	4	4
835	Python	3	1	0	0	3	3;6	0	1	2	2	1	1	2	3	0	1	3	5	5	0	4	4	5
594	Python	1	1	16	0	3	3;6;11	2	0	1	21	1	1	2	3	0	5	2	6	1	1	4	4	5
358	Python	3	1	8	0	3	3;11	1	1	3	2;9;10;14;15;21	1	1	1	2	0	5	4	4	5	0	2	1	2
892	Python	3	1	15	0	3	3;6	2	0	3	9;21	1	1	2	2	1	5	2	6	1	0	4	4	5
297	Python	3	0	0	4	9		2	0	0	2;7;15;18	1	1	2	0	0		6	6	6	4	4	4	5
640	Python	2	0	1	0	3;5	2	2	0	0	2;10	1	1	2	0	0	5	2	4	5	0	3	4	1
471	Python	2	1	15	0	4		2	0	0	0	1	1	5	5	5	5	6	6	6	4	4	4	5
299	Python	3	0	0	0	2;3	3;11;12	1	2	1;3	10;21	1	1	2	2	3	0	2	5	5	4	4	3	0
266	Python	1	0	6	1	3	3;6	2	1	0	9;10;21	1	1	1	2	3		4	4	4	0	4	4	2
7	Python	3	1	0	0	3	3;11	0	1	1;3	2;4;8;14;15;21	1	1	1	2	3	4	4	4	5	0	2	2	2
147	Python	1	0	0	2	3	3;6;11	2	0	5	4;5;6;13;18	1	0	5	5	5	5	6	6	6	4	4	4	5
61	Python	2	0	0	4			0	0		4;5;9;10;18;24	1	0	1	2	3	4	2	4	4	0	2	2	2
13	Python	4	1	0	1	3;5	3;6	1	3	3	1;2;5;8;9;10;15;21;24	1	1	1	2	0	5	2	4	5	0	2	1	3
396	Python	0	0	11	4			2	0					1	2	1	1	2	1	1	0	3	3	0
169	Python	4	0	0	0	6	8	2	0	0	0	1	1	2	4	0	4	5	5	5	0	1	3	4
377	Python	2	1	11	0	3;5	3;6;11	2	0	1;2;3	2;5;8;9;10;14;15;24	1	1	1	2	3	4	4	6	5	0	4	4	2
402	Python	2	0	0	0	3;5	3;6	0	1	0	2;9	1	1	1	2	3	4	2	0	0	0	3	4	2
447	Python	3	1	1	0	3	3;6	0	0	0	7;14;15	1	1	1	2	0	5	2	6	5	4	4	4	2
294	Python	0	0	3	4	9		1	3		6;9;10;24	1	1	2	2	3	4	2	4	4	0	4	4	2
139	Python	1	0	10	1	3;4;5;6	3;6;11	1	1	1;2	4;5;6;9;10;15;16;18;19;21;24	1	0											
741	Python	0	0	4	2	3;5	3;6;11	2	0	0	4;9;18	1	1	1	3	0	5	2	4	4	0	4	4	2
351	Python	2	1	2	0	3;5	4	2	1	0	5	1	1	5	1	5	5	6	6	6	4	4	4	5
625	Python	1	1	6	0	3	3;11	1	0	2				1	2									
414	Python	1	1	1	4	9		1	1	0	0	1	1	2	2	3	4	4	4	5	0	3	4	2
243	Python	3	0	1	3	1;2;3	0;11;16	2	3	0	2;5;6;7;10;15;21;24	1	1	1	2	5	5	2	4	5	0	4	4	2
479	Python	1	1	6	3	0;1;2;3;8;9	0;13	0	0	0	12;21	1	1	2	2	3	2	2	1	1	3	3	4	5
239	Python	1	0	6	0	3	3;6;11	2	0	2	2;8;10;15;18;21	1	1	1	2	3	4	4	5	4	0	4	4	2
725	Python	1	0	4	0	3	3;6	2	0	0	5	1	1	1	2	0	1	4	4	5	0	4	4	2
201	Python	0	0	10	4	9		2	1	0	2;5;9;18	1	0	1	2	3	4	4	5	4	0	2	2	2
737	Python	2	1	10	0	1;2;3	0;3	1	0	2;4	4;15;21	1	1	1	3	5	5	2	6	5	1	4	4	5
238	Python	2	0	2	4	9		0	0		4;5;6;9;18		1	1	2	3	4	2	4	4	0	4	4	0
9	Python	2	1	13	4	4;6	11	2	3		4;5;9;24	1	1	2	3	5	5	3	6	1	4	4	4	2
213	Python	1	1	0	4	9		2	0	0	0	1	1	1	3	5	5	4	6	6	4	4	4	5
87	Python	4	1	0	4	9	3	1	0	3	2;8;14;21	1	1	1	3	0		3	4	5	0	3	0	5
571	Python	2	0	15	0	3	3;6;11	1	0	1;3	2;4;5;8;9;10;12;14;15;16;18;21;24	1	0	1	2	3	4	4	5	5	0	2	3	2
118	Python	0	1	8	2	3;5;6;8	12	2	1	0		1	1	1	5	5	5	2	6	6	4	4	4	5
29	Python	2	0	1	4	9		2	1	0	2;4;5;6;16;18;21;24	1	0	1	2	3	4	4	6	5	4	4	4	4
682	Python	3	0	0	4	9		2	0	5	2;4;15	1	1	1	3	0	4	4	4	6	0	4	4	3
336	Python	2	1	0	3	0;1	4;11	2	3	0	0	1	1	2	4	1	4	5	5	4	0	2	1	4
430	Python	0	1	8	2	3	15	3	1	0	0	1	1	5	2	0	5	2	6	4	0	4	4	5
132	Python	1	1	5	0	3	7;10	2	0	0	0	1	1	0	3	2	3	5	6	6	4	1	4	5
776	Python	1	1	4	3	3	3;6;11	2	1	0	9	1	0	1	2	3	4	2	0	1	0	4	4	2
555	Python	1	1	8	2	3	8;15	2	1	0		1	1	2	3	5	3	0	6	5	4	4	3	5
856	Python	1	1	4	3	1;2;3	0;2	2	3	0	0	1	1	2	5	5	5	2	6	6	4	4		5
647	Python	2	0	0	4	5;9	3;6	2	1	0	2	1	1	1	2	5	5	2	6	6	4	4	4	5
495	Python	3	1	9	0	3	3;6	0	1	1	9;10;21	1	1	1	3	0	1	2	4	5		3	3	2
75	Python	4	0	4	0	4	3;6;11	0	0	3	4;5;9;10	1	1	1	2	3	4	2	4	5	4	4	4	5
293	Python	2	0	11	0	3	3;6	1	0	1	5;18;24	1	1	1	3	3	4	2	4	5	0	4	1	2
873	Python	1	1	2	3	5	3;6	2	0	0	9	1	1	1	2	3	4	6	6	1	4	4	4	2
199	Python	4	1	0	0	3;5	3;6	1	1	0	2	1	1	5	3	5	5	2	6	6	4	4	4	5
263	Python	1	0	14	0	3	3;6;11	1	0	0	4;5;15;18;24	1	1	1	2	3	4	0	4	4	0	4	4	2
215	Python	1	1	3	1	3	3;6	2	1	0	5	1	1	1	2	3	4	4	1	1	0	2	4	2
296	Python	3	0	15	3	1;2;3;5;8	13	2	1	0	0	1	1	2	4	5	5	1	6	6	3	1	4	5
687	Python	0	1	0	2	3	15	2	0	0	0	1	1	5	5	5	5	6	6	6	4	4	4	5
190	Python	1	1	0	1	1;2;3		2	1	0	0	1	1	5	0	0	2	2	6	6	4	4	4	5
1	Python	3	1	0	4	9		1	0	0	7;24	1	1	1	2	3	4	2	2	3	0	2	1	2
417	Python	2	1	0	4	9		2	1	0	0	1	1	1	5	5	5	4	4	5	4	4	4	5
288	Python	3	0	15	0	3	3;6;11	0	0	3	4;8;15	1	1	2	3	0	1	0	0	1	0	1	1	2
862	Python	1	0	0	4	7	3;6	2	3	5	4;5;8;9;10;12;18	1	1	3	2	3	4	2	0	1	0	2	4	4
179	Python	3	1	4	3	3	3;6	1	2	0	8;15	1	1	1	2	0	1	4	6	5	0	4	4	2
736	Python	3	1	10	0	2	0	0	1	1;2	21	1	1	2	2	3	2	2	5	4	0	3	1	2
609	Python	1	0	9	0	3;5	3;6	2	0	1	21	1	1	1	2	0	5	2	3	3	0	4	4	5
198	Python	0	1	8	2	3	12	2	1	0	0	1	1	5	5	5	5	6	6	6	4	4	4	5
875	Python	2	0	2	1	3	3;6;11	1	0	2	9;10;15	1	1	1	2	0	0	2	3	5	0	2	1	2
233	Python	1	1	2	0	3	3;6	1	0	0	9;15;18	1	1	2	2	1	0	2	4	1	0	4	4	3
528	Python	1	1	2	1	3;5	3;6	0	1	1	20;21	1	1	1	3	0	1	4	6	6	4	4	4	5
491	Python	1	1	0	0	2;3;5	3;6;11	0	0	3	9;10;18;21	1	1	1	2	3	4	4	4	5	0	3	0	2
345	Python	1	1	0	2	3;5	4;15	2	3	0	0	1	1	5	5	5	5	6	6	6	4	4	4	5
812	Python	3	1	1	0	3	3;6;11	2	1	3	2;10;14;15	1	1	1	2	3	4	4	5	5	0	2	4	2
21	Python	4	0	1	0	2;3;8	13	1	0	0	2;4;5;9;15	1	1	1	2	3	4	4	6	5	0	2	4	3
427	Python	0	1	0	2	3;5	3;6	1	3	0	9;21	1	1	1	2	0	5	4	3	3	0	3	4	3
271	Python	2	1	15	0	3	3;6	2	0	0	5	1	1	0	2	5	5	2	6	6	4	4	4	5
475	Python	1	1	0	1	3	2	1	1	0	9	1	1	1	2	3	4	2	4	5	0	3	4	2
300	Python	3	0	8	0	2	0	0	1	1;2	2;21	1	1	1	3	5	5	2	3	6	4	4	4	5
645	Python	1	1	17	1	2;3;5	4	2	1	0	21	1	1	1	5	5	5	2	6	6	4	4	4	5
926	Python	1	1	8	1	4	3;5;6;11	1	0	0	4	1	1	2	2	0	0	4	4	5	0	4	4	2
298	Python	3	0	4	0	3	3;6	2	1	0	2;5	1	1	1	2	0	1	2		4	0	3	1	2
845	Python	2	1	2	0	3	3	1	0	0	2	1	1	1	3	5	5	6	6	6	4	4	4	5
230	Python	2	1	15	4	6	11	1	0	3;4	2;4;5;6;9;10;18;21;24	0	0	5	5	5	5	6	6	6	4	4	4	5
751	Python	3	1	0	0	3	12	0	1	0	21	1	1	2	3	5	5	4	4	6	4	4	4	2
103	Python	2	1	2	3	4;6;7	11	2	3	0	4;5;9;24	1	1	2	2	3	4	4	6	3	4	4	4	5
204	Python	2	1	4	3	3;5	3;5	2	1	0	9	1	1	2	2	0	5	2	6	1	0	4	4	2
137	Python	4	1	19	0	2	11	0	0	1;2	1;7;12;15;18;21	1	0	1	2	0	0	0	4	4	0	3	4	2
93	Python	1	0	4	0	2;3	3;11	0	0	1;3;4	9;21;24	1	1	1	2	3	4	4	2	2	4	4	4	2
74	Python	2	0	0	0	2;3	0;3	1	1	3;4	5;9;10;12	1	1	5	2	5	5	6	6	6	4	4	4	5
850	Python	0	1	8	2	3	15	2	3	0	0	1	1	0	5	5	5	0	6	6	4	4	4	5
260	Python	1	1	5	2	3	2;15	2	1	5	5;9;10	1	1	5	3	5	5	3	6	3	4	3	1	5
508	Python	2	1	2	0	3	3;6;11	2	0	3	5;9;18;21	1	0	1	2	3	4	4	5	4	0	4	4	2
32	Python	1	0	0	0	3;5	5;11	1	1	1;4	2;4;9;18	1	0	2	2	3	4	4	0	0	0	4	0	2
826	Python	2	1	0	0	3;5	4	2	0	0	21	1	1	2	5	5	5	4	6	6	4	4	4	5
897	Python	2	1	4	1	3;4	2;4	1	1	0	5;10;21	1	1	5	1	5	5	0	6	6	4	4	4	5
538	Python	3	2	0	0	3;5	11	1	1	1;3;4	2;3;5;7;8;9;12;15;16;17;19;20;21	1	1	4	2	3	4	4	4	5	0	4	4	3
817	Python	0	1	0	2	1;2;3	1	1	1	0	12;21	1	1	2	4	5	5	4	4	5	0	2	1	5
109	Python	2	1	0	4		14	2	1	0	2;4	1	1	2	2	0	5	2	0	6	3	4	4	5
539	Python	2	0	1	0	3	3;6;11	2	1	1	21	1	1	1	2	5	5	2	6	6	4	4	4	5
767	Python	2	0	0	0	2;3	12	2	0	0	2	1	1	2	2	5	5	5	6	6	4	4	4	5
794	Python	1	1	5	1	3;5;6	5	1	0	0		1	1	2	2	0	1	4	5	5	2	4	4	2
511	Python	4	0	15	0	6;9	0;11	0	1	1	4;5;9;10;15;24	1	1	1	2	3	4	2	4	4	0	3	2	2
854	Python	2	1	15	0	3	3;11	0	0	3	9;21	1	1	2	2	3	4	2	6	1	4	4	4	5
316	Python	2	1	0	0	3	1;8;10	2	1	0	0	1	1	0	5	5	5	6	6	6	4	2	4	5
248	Python	1	0	15	0	3	3;6;11	0	1	1;2	12;20;21;24	1	1	2	3	5	5	2	0				4	5
703	Python	3	0	0	0	3	7;9	1	1	1;3	2;4;20;21	1	1	1	2	3	4	4	3	4	0	2	0	2
864	Python	3	0	0	0	3	3;6;11	2	3	3	2;9;15;18;19;21;24	1	0	1	2	3	4	4	4	5	0	2	2	2
251	Python	2	0	12	4	9		1	1	5	9;18	1	0	2	2	3	4	2	4	5	4	3	2	2
408	Python	2	1	15	3	5;6;7	3;11	2	1	0	4;9	1	1	1	2	3	4	2	4	4	0	4	4	3
5	Python	3	1	11	4	9		2	3	5	2;4;5;24	1	1	2	3	5	5	2	1	6	0	4	4	5
578	Python	1	0	4	1	3;5	3;6;11	1	1	2	4;5;9;10;14;16;17;18;21	1	1	1	2	3	4	4	4	5	0	4	2	2
506	Python	1	1	0	3	3;4;5;6;7;9	3;6	0	2	0	9	1	1	1	2	1	5	0	6	6	4	4	4	5
330	Python	2	0	0	0	3	3;6	1	1	1	2;5;14;15;21	1	1	2	2	0	1	4	4	5	0	1	4	3
291	Python	2	0	2	0	3	3;6	2	3	0	0	1	1	2	2	0	5	2	5	5	0	4	4	2
607	Python	2	1	0	0	3	3;11	1	3	3	2;9;15;18;21	1	1	1	2	3	4	2	4	5	0	4	0	2
745	Python	3	1	4	1	3	3;11	1	0	1;3	2;4;8;9;10;15;16;19;21;22	1	1	1	2	3	4	4	4	5	0	4	2	2
718	Python	1	1	9	3	1;2;3;5	0;7;9	2	0	0	0	1	1	2	3	3	2	3	4	5	0	0	1	2
798	Python	2	1	0	0	3;5	4	2	0	1	2;24	1	1	1	2	0	5	4	3	5	0	4	4	2
80	Python	1	0	5	0	8	11	2	1	0	5;21	1	1	2	2	3	4	2	3	3	1	2	3	4
84	Python	0	1	8	2	3	8;15	2	1	0	0	1	1	0	5	5	5	6	6	6	4	4	4	5
212	Python	2	0	2	4	9		2	1		4;5;16;18;19	1	0	1	2	3	4	2	4	5	0	3	2	3
934	Python	4	0	3	0	3	3;6	2	1	3	2;5;6;9;10;13;14;15;18;21;24	1	1	1	2	2	4	2	4	4	0	3	4	3
781	Python	2	1	11	0	3;5	4;11	2	1	0	1;5;6;9;10;18	1	0	2	2	3	4	4	4	5	0	4	1	3
141	Python	1	0	15	1	3	3;6;11	1	1	1;2	14;18;21	1	0	1	2	3	4	3	6	1	4	2	4	2
286	Python	2	0	5	0	2;3	12	2	1	0	2	1	1	2	1	0	5	4	4	5		3	1	5
33	Python	4	1	0	0	3	5	2	1	0	0		1	4	5	5	5	2	6	6	4	4	4	5
209	Python	1	0	9	0	3	3;11;16	2	0	3	9;10;24	1	1	4	2	0	4	2	4	5	0	3	4	2
195	Python	2	0	0	0	3	3;6;11	0	0	3	2;5;9;21	1	1	2	2	3	4	4	4	5	0	4	4	2
388	Python	3	0	5	4	9		2	1	5	2;5;9;13;24	1	1	1	2	0	0	2	4	5	0	2	1	2
833	Python	3	0	1	0	3	3;6;11	0	0	3	2;9;15	1	1	1	2	0	1	2	5	1	0	3	4	4
634	Python	1	1	1	0	3	3;6	0	1	0		1	1	2	2	5	5	4	6	5	4	4	4	2
450	Python	1	1	2	1	3	3;6	2	0	0	21	1	1	1	3	0	4	2	5	6	3	1	3	5
865	Python	3	0	0	0	2	0;11;12	2	1	2	2;18;21	1	0	1	2	0	5	4	4	3	0	2	2	2
387	Python	2	1	15	1	3	2	0	0	0	0	1	1	3	3	5	5	2	6	6	0	4	4	2
223	Python	4	1	17	0	1;2;3	1;11	1	1	1;2	21	1	1	5	4	5	5	6	6	6	4	4	4	5
709	Python	1	1	15	2	1;2;3	0;1	2	3	0;1	18	1	1	2	3	3	4	2	4	4	0	4	1	2
505	Python	4	1	0	0	3;5	3;6	2	0	2	2;14;15	1	0	1	2	3	4	2	4	5	0	2	2	2
197	Python	1	1	0	1	3;5;8	4	1	1	0	0	1	1	5	5		5	6	6	6	4	4	4	5
762	Python	2	1	3	0	4	10;11	2	1	0	0	1	1	0	5	5	5	6	6	6	4	4	4	4
646	Python	3	0	4	4	9	11	0	3	5	4;5;6;9;10;16;18;24	1	0	4	2	3	4	2	4	5	4	4	3	2
734	Python	2	1	1	0	3;5	3;6;11	2	0	0	15	1	1	1	2	0	5	4	0	1	0	4	4	2
490	Python	3	1	2	0	3	3;6	2	0	1	2;8;14;15	1	1	1	2	5	5	1	6	6	4	2	4	5
517	Python	2	0	0	0	7	11	0	0	3;4	2;4;5;8;9;10;15;16;18;19	1	0	5	5	5	5	6	6	6	4	4	4	5
460	Python	4	0	15	0	1;2;3	0;7	2	0	2	21	1	1	2	3	5	5			6	4	4	4	5
250	Python	3	0	4	0	3	3;11	2	0	1;2	5;9;10;15;24	1	1	4	2	3	4	2	4	5	0	4	4	4
264	Python	0	1	10	2	1;2;3;4;5	0;3;6	2	0	0	0	1	1	2	3	0	1	4	4	3	0	1	4	2
717	Python	1	1	0	0	3	3;6	1	1	1	9	1	1	5	0	5	5	6	6	6	4	4	4	5
568	Python	1	1	7	1	3	1	2	0	0	0	1	1	0	3	5	5	6	6	6	4	4	4	5
66	Python	1	0	2	1	3	5;11;12	2	0	3	9	1	1	2	3	5	5	0	6	1	4	1	4	5
332	Python	1	1	4	1	2;3;4;5	4	1	0	0	19;21	1	1	5	3	5	5	6	6	6	4	4	4	5
110	Python	4	1	0	0	3	3;6	2	3	2	2;14;15;18	1	1	1	2	0	5	4	4	5	0	2	4	5
26	Python	1	0	0	4	9		2	0		1;2;3;4;5;6;9;10;12;13;14;15;17;18;24	1	0	1	2	0	4	2	4	5	0	2	0	2
543	Python	3	1	2	0	3	3;6;11	2	0	2	2;4;14;15	1	1	1	2	0	3	4	1	1	0	4	4	2
466	Python	1	0	0	4	9		2	1	0	2;9	1	1		2	5	5	2						
669	Python	4	1	17	0	4	3;11	0	2	3	2;7;10;24	1	1	2	3	0	1	2	4	5	0	1	3	2
904	Python	4	1	1	0	3	3;6	2	1	3	2;14	1	1	1	3	0	1	4	6	0	4	3	4	2
497	Python	1	1	14	0	3;5	4	2	3	0	0	1	1	5	5	5	5	2	6	6	0	4	4	5
207	Python	3	0	0	3	4	3;11	2	3	3	2;4;5;6;7;8;9;10;13;15;16	1	1	1	2	3	4	2	0	1	0	3	0	2
799	Python	1	1	0	1	2;3;5	4	0	0	0	9;19;20;21	1	1	1	2	0	5	2	6	6	4	4	4	5
896	Python	3	0	0	4	9		2	2		5;9	1	0	3	3	4	3	4	4	3	2	2	2	1
827	Python	2	0	1	0	2	0;11	1	0	1	12;18;21;24	1	0	1	2	0	1	4	2	6	4	3	1	5
574	Python	2	0	0	1	5	3;6;11	0	3	3	10;15;18;21;24	1	1	1	2	0	5	4	0	1	0	3	3	2
930	Python	2	1	9	0	3	3;6	0	0	0	21	1	1	0	0	5	5	2	6	6	3	4	4	5
795	Python	3	1	9	0	3	3;6	0	2	0	2;4;9;14;15;20	0	1	1	3	5	5	2	6	6	4	4	4	5
433	Python	2	1	1	0	1;2	0;4;12	2	0	0	0	1	1	5	5	5	5	6	6	6	4	4	4	5
579	Python	2	1	0	0	4	11	2	1	5	8;9;10;15;24	1	1	1	3	0	4	4	0	1	0	4	2	2
310	Python	1	1	0	1	3;5	3;6	1	1	0	9	1	1	1	3	5	5	4	6	6	4	4	4	5
267	Python	0	1	8	2	3	8;15	2	3		0	1	1	2	3	5	3	2	0	0	4	1	4	5
452	Python	1	1	0	2	3;4	8;15	2	0	0	0	1	1	5	5	5	5	6	6	6	4	4	4	5
838	Python	2	1	0	2	1;2;3;5	0;5	0	3	0	21	1	1	2	2	5	5	4	4	5	3	4	4	2
70	Python	4	1	17	0	2	3	0	3	3	10;12;21;24	1	1	4	3	0	3	2	3		0	2	1	5
231	Python	1	1	15	4	7;9	11	1	0	1;2	5;10;12;15;18;21	1	1	2	3	3	4	2	1	1	4	4	4	2
766	Python	4	1	3	0	3	3;6;11	2	1	5	2;4;8;15	1	1	1	2	0	5	3	4	5	0	3	1	2
77	Python	4	1	0	0	3	3	0	1	1	2;8	1	1	2	2	0	5	2	4	5	0	2	1	2
307	Python	1	1	14	2	4;6		2	0	0	0	1	1	2	5	5	5	2	6	6	4	4	4	5
818	Python	1	1	1	1	2;3	4	1	1	0	9	1	1	1	3	3	4	4	6	4	4	4	4	3
512	Python	2	0	4	1	4	11	1	3	0;5	5;10;21	1	1	1	2	0	4	4	3	5	0	4	3	2
353	Python	0	1	15	2	3;5	5	2	3	0	0;18	1	1	1	0	0	1	2	5	5	4	4	1	3
509	Python	4	0	4	4	9		2	3	0	0	1	1	2	3	0	5	2	1	0	0	2	4	2
200	Python	3	1	2	0	3	1	2	0	0	0	1	1	2	2	5	5	2	6	6	4	4	4	5
832	Python	2	0	0	4			0	2															
