Vastausaika	ID	Sukupuoli	Ikä	Opetuskokemus	Vuosiluokka	Tulin kurssille, koska	Ohjelmointikokemus																																																																																																																														Ohjelmointiopinnot	Mielipiteet																													Ongelmanratkaisutaidot					Suunnitelmat		
-		-	-	Kuinka monta vuotta olet toiminut opettajana?	-	-	ScratchJr:1. En ole koskaan kuullut tästä kielestä	ScratchJr:2. Olen kuullut tästä kielestä	ScratchJr:3. Olen käyttänyt tätä kieltä viimeisen 3 vuoden aikana	ScratchJr:4. Harrastan ohjelmointia tällä kielellä	ScratchJr:5. Voisin opettaa oppilaille tätä kieltä	ScratchJr:6. Voisin opettaa toisille opettajille tätä kieltä	Scratch:1. En ole koskaan kuullut tästä kielestä	Scratch:2. Olen kuullut tästä kielestä	Scratch:3. Olen käyttänyt tätä kieltä viimeisen 3 vuoden aikana	Scratch:4. Harrastan ohjelmointia tällä kielellä	Scratch:5. Voisin opettaa oppilaille tätä kieltä	Scratch:6. Voisin opettaa toisille opettajille tätä kieltä	Racket:1. En ole koskaan kuullut tästä kielestä	Racket:2. Olen kuullut tästä kielestä	Racket:3. Olen käyttänyt tätä kieltä viimeisen 3 vuoden aikana	Racket:4. Harrastan ohjelmointia tällä kielellä	Racket:5. Voisin opettaa oppilaille tätä kieltä	Racket:6. Voisin opettaa toisille opettajille tätä kieltä	Code.org:1. En ole koskaan kuullut tästä kielestä	Code.org:2. Olen kuullut tästä kielestä	Code.org:3. Olen käyttänyt tätä kieltä viimeisen 3 vuoden aikana	Code.org:4. Harrastan ohjelmointia tällä kielellä	Code.org:5. Voisin opettaa oppilaille tätä kieltä	Code.org:6. Voisin opettaa toisille opettajille tätä kieltä	Turtle Roy:1. En ole koskaan kuullut tästä kielestä	Turtle Roy:2. Olen kuullut tästä kielestä	Turtle Roy:3. Olen käyttänyt tätä kieltä viimeisen 3 vuoden aikana	Turtle Roy:4. Harrastan ohjelmointia tällä kielellä	Turtle Roy:5. Voisin opettaa oppilaille tätä kieltä	Turtle Roy:6. Voisin opettaa toisille opettajille tätä kieltä	Hopscotch:1. En ole koskaan kuullut tästä kielestä	Hopscotch:2. Olen kuullut tästä kielestä	Hopscotch:3. Olen käyttänyt tätä kieltä viimeisen 3 vuoden aikana	Hopscotch:4. Harrastan ohjelmointia tällä kielellä	Hopscotch:5. Voisin opettaa oppilaille tätä kieltä	Hopscotch:6. Voisin opettaa toisille opettajille tätä kieltä	Lego RXT, NXT tai EV3:1. En ole koskaan kuullut tästä kielestä	Lego RXT, NXT tai EV3:2. Olen kuullut tästä kielestä	Lego RXT, NXT tai EV3:3. Olen käyttänyt tätä kieltä viimeisen 3 vuoden aikana	Lego RXT, NXT tai EV3:4. Harrastan ohjelmointia tällä kielellä	Lego RXT, NXT tai EV3:5. Voisin opettaa oppilaille tätä kieltä	Lego RXT, NXT tai EV3:6. Voisin opettaa toisille opettajille tätä kieltä	JavaScript:1. En ole koskaan kuullut tästä kielestä	JavaScript:2. Olen kuullut tästä kielestä	JavaScript:3. Olen käyttänyt tätä kieltä viimeisen 3 vuoden aikana	JavaScript:4. Harrastan ohjelmointia tällä kielellä	JavaScript:5. Voisin opettaa oppilaille tätä kieltä	JavaScript:6. Voisin opettaa toisille opettajille tätä kieltä	Python:1. En ole koskaan kuullut tästä kielestä	Python:2. Olen kuullut tästä kielestä	Python:3. Olen käyttänyt tätä kieltä viimeisen 3 vuoden aikana	Python:4. Harrastan ohjelmointia tällä kielellä	Python:5. Voisin opettaa oppilaille tätä kieltä	Python:6. Voisin opettaa toisille opettajille tätä kieltä	C/C++:1. En ole koskaan kuullut tästä kielestä	C/C++:2. Olen kuullut tästä kielestä	C/C++:3. Olen käyttänyt tätä kieltä viimeisen 3 vuoden aikana	C/C++:4. Harrastan ohjelmointia tällä kielellä	C/C++:5. Voisin opettaa oppilaille tätä kieltä	C/C++:6. Voisin opettaa toisille opettajille tätä kieltä	Java:1. En ole koskaan kuullut tästä kielestä	Java:2. Olen kuullut tästä kielestä	Java:3. Olen käyttänyt tätä kieltä viimeisen 3 vuoden aikana	Java:4. Harrastan ohjelmointia tällä kielellä	Java:5. Voisin opettaa oppilaille tätä kieltä	Java:6. Voisin opettaa toisille opettajille tätä kieltä	Processing:1. En ole koskaan kuullut tästä kielestä	Processing:2. Olen kuullut tästä kielestä	Processing:3. Olen käyttänyt tätä kieltä viimeisen 3 vuoden aikana	Processing:4. Harrastan ohjelmointia tällä kielellä	Processing:5. Voisin opettaa oppilaille tätä kieltä	Processing:6. Voisin opettaa toisille opettajille tätä kieltä	C#:1. En ole koskaan kuullut tästä kielestä	C#:2. Olen kuullut tästä kielestä	C#:3. Olen käyttänyt tätä kieltä viimeisen 3 vuoden aikana	C#:4. Harrastan ohjelmointia tällä kielellä	C#:5. Voisin opettaa oppilaille tätä kieltä	C#:6. Voisin opettaa toisille opettajille tätä kieltä	Logo:1. En ole koskaan kuullut tästä kielestä	Logo:2. Olen kuullut tästä kielestä	Logo:3. Olen käyttänyt tätä kieltä viimeisen 3 vuoden aikana	Logo:4. Harrastan ohjelmointia tällä kielellä	Logo:5. Voisin opettaa oppilaille tätä kieltä	Logo:6. Voisin opettaa toisille opettajille tätä kieltä	AppInventor:1. En ole koskaan kuullut tästä kielestä	AppInventor:2. Olen kuullut tästä kielestä	AppInventor:3. Olen käyttänyt tätä kieltä viimeisen 3 vuoden aikana	AppInventor:4. Harrastan ohjelmointia tällä kielellä	AppInventor:5. Voisin opettaa oppilaille tätä kieltä	AppInventor:6. Voisin opettaa toisille opettajille tätä kieltä	Pascal:1. En ole koskaan kuullut tästä kielestä	Pascal:2. Olen kuullut tästä kielestä	Pascal:3. Olen käyttänyt tätä kieltä viimeisen 3 vuoden aikana	Pascal:4. Harrastan ohjelmointia tällä kielellä	Pascal:5. Voisin opettaa oppilaille tätä kieltä	Pascal:6. Voisin opettaa toisille opettajille tätä kieltä	Cobol:1. En ole koskaan kuullut tästä kielestä	Cobol:2. Olen kuullut tästä kielestä	Cobol:3. Olen käyttänyt tätä kieltä viimeisen 3 vuoden aikana	Cobol:4. Harrastan ohjelmointia tällä kielellä	Cobol:5. Voisin opettaa oppilaille tätä kieltä	Cobol:6. Voisin opettaa toisille opettajille tätä kieltä	Greenfoot:1. En ole koskaan kuullut tästä kielestä	Greenfoot:2. Olen kuullut tästä kielestä	Greenfoot:3. Olen käyttänyt tätä kieltä viimeisen 3 vuoden aikana	Greenfoot:4. Harrastan ohjelmointia tällä kielellä	Greenfoot:5. Voisin opettaa oppilaille tätä kieltä	Greenfoot:6. Voisin opettaa toisille opettajille tätä kieltä	Picaxe Basic:1. En ole koskaan kuullut tästä kielestä	Picaxe Basic:2. Olen kuullut tästä kielestä	Picaxe Basic:3. Olen käyttänyt tätä kieltä viimeisen 3 vuoden aikana	Picaxe Basic:4. Harrastan ohjelmointia tällä kielellä	Picaxe Basic:5. Voisin opettaa oppilaille tätä kieltä	Picaxe Basic:6. Voisin opettaa toisille opettajille tätä kieltä	Basic (Visual, Cool, tms):1. En ole koskaan kuullut tästä kielestä	Basic (Visual, Cool, tms):2. Olen kuullut tästä kielestä	Basic (Visual, Cool, tms):3. Olen käyttänyt tätä kieltä viimeisen 3 vuoden aikana	Basic (Visual, Cool, tms):4. Harrastan ohjelmointia tällä kielellä	Basic (Visual, Cool, tms):5. Voisin opettaa oppilaille tätä kieltä	Basic (Visual, Cool, tms):6. Voisin opettaa toisille opettajille tätä kieltä	HTML, CSS:1. En ole koskaan kuullut tästä kielestä	HTML, CSS:2. Olen kuullut tästä kielestä	HTML, CSS:3. Olen käyttänyt tätä kieltä viimeisen 3 vuoden aikana	HTML, CSS:4. Harrastan ohjelmointia tällä kielellä	HTML, CSS:5. Voisin opettaa oppilaille tätä kieltä	HTML, CSS:6. Voisin opettaa toisille opettajille tätä kieltä	-	Ohjelmoinnin opettaminen on hyödyllistä työni kannalta	Ohjelmoinnin opettaminen auttaa minua suoriutumaan työstäni nopeammin	Ohjelmoinnin opettaminen tekee opetuksestani tehokkaampaa	Jos opetan ohjelmointia, onnistun työssäni paremmin	Ohjelmoinnin opettamisen osaaminen monipuolistaa opettajuuttani	Ohjelmoinnin opettamisen osaaminen parantaa työllistymistäni.	Ohjelmoinnin opetukseni tulee olemaan selkeää ja ymmärrettävää	Minusta tulee helposti taitava ohjelmoinnin opettaja	Minusta ohjelmoinnin opettaminen on helppoa	Ohjelmoinnin opettamisen oppiminen on minulle helppoa	Ohjelmoinnin opettamista tarvitaan peruskoulussa	Ohjelmoinnin opetus tekee työstäni mielenkiintoisempaa	Ohjelmoinnin opettaminen on hauskaa	Pidän ohjelmoinnin opettamisesta	Minulle tärkeiden ihmisten mielestä minun tulisi opettaa ohjelmointia	Käyttäytymiseeni vaikuttavien ihmisten mielestä minun tulisi opettaa ohjelmointia	Tämän kurssin opettajat ovat avuksi ohjelmoinnin opettamisen oppimisessa	Työpaikallani suhtaudutaan positiivisesti ohjelmoinnin opetukseen	Työpaikallani on tarvittavat välineet ohjelmoinnin opetukseen	En voi hyödyntää ohjelmointia muussa opetuksessa	Minulla on riittävät tiedot ohjelmoinnin opettamiseen.	Saan tarvittaessa tukea työyhteisöstäni, jos minulla on ongelmia ohjelmoinnin opettamisessa	Minulla voi olla vaikeuksia selittää, miksi ohjelmointia kannattaa tai ei kannata opettaa oppilaille	Pyrin käyttämään uutta teknologiaa opetuksessani aina kun se on mahdollista.	Epäröin opettaa ohjelmointia, koska saatan opettaa sitä väärin	Minua pelottaa ajatella, että voin menettää paljon tietoja jos painan väärää nappia.	Tunnen ahdistusta ohjelmoinnin opettamista kohtaan	Ohjelmoinnin opettaminen on minulle vierasta ja pelottavaa	Olen halukas esittelemään ohjelmointia koulullani	”vaikka paikalla ei olisi ketään ohjeistamassa”	”jos voin soittaa apua ongelmatapauksissa”	”jos minulla on runsaasti aikaa perehtyä ongelmaan”	”jos minulla on käytettävissäni apua tai tukea”	ei mikään ylläolevista lauseista	Tarkoitukseni on opettaa ohjelmointia	Voisin kuvitella opettavani ohjelmointia	Suunnitelmissani on opettaa ohjelmointia
08.10.2015 17:20:11	1	1	8	5	3	3	1						1						1								3				1						1						1						1						1						1						1						1						1						1						1						1						1						1						1						1						1						1	4	1	2	2	4	5	3	2	2	2	4	4	3	2	1	1	4	4	3	3	1	3	4	4	2	4	4	4	2				4		2	2	2
08.10.2015 17:47:32	2	1	7	10	4	2	1							2						2					1						1						1						1							2					1						1							2					1						1						1							2					1						1						1						1						1							2					1	5	3	3	4	1	4	4	3	3	3	3	4	3	3	3	3	3	2	3	1	1	4	3	4	1	1	4	3	5					5	3	3	3
08.10.2015 18:05:45	3	1	10	29	3	3	1						1						1						1						1						1						1						1						1							2					1						1						1						1						1						1						1						1						1						1							2					1	4	3	3	3	4	3	3	3	3	3	4	3	3	3	2	3	4	3	4	3	3	4	3	4	3	2	3	3	3	1	2	3	4		10	10	10
08.10.2015 18:18:57	4	1	9	15	4	4	1						1						1						1						1						1						1							2					1							2						2					1						1						1						1							2					1						1						1						1							2					1	4	2	2	3	5	4	3	3	2	3	4	4	3	3	3	3	4	4	5	2	1	2	4	4	2	1	1	2	4			3	4		6	6	6
08.10.2015 19:54:51	5	1	8	10	6	3		2						2					1							2					1						1						1							2						2						2						2					1						1						1						1							2						2					1						1							2							3				1	4	4	5	5	5	5	5	5	3	5	5	5	5	3	4	4	3	5	5	1	2	4	2	4	2	1	1	1	5	1					6	6	6
08.10.2015 20:50:52	6	1	11	25	4	3			3		5	6			3		5	6		2						2							3				1								3					2							3					2						2					1						1							2					1							2						2					1						1						1							2					1	4	4	5	3	5	3	4	2	3	3	5	5	4	4	3	3	5	3	4	1	2	2	3	5	2	2	2	2	5			3			2	1	2
08.10.2015 21:20:24	7	1	6	7	2	3			3						3					2						2						2						2						2						2					1						1							2					1						1						1						1						1						1						1						1						1								3				1	5	3	4	4	5	5	4	5	4	5	5	4	5	5	1	1	5	4	5	1	4	1	1	5	1	1	1	2	4	1		3	4		1	1	1
08.10.2015 22:17:26	8	1	9	20	6	4		2						2						2						2					1	2							3				1							2					1								3					2					1	2					1							2					1							2						2						2						2							3							4			2	3	3	2	3	4	1	2	4	3	3	3	2	5	5	2	2	3	2	4	1	2	2	1	5	1	1	1	1	5	1		3	4		20	20	40
08.10.2015 22:15:22	9	1	7	13	3	3	1						1						1						1						1						1						1							2						2					1							2					1						1							2					1						1						1						1						1						1							2					1	3	3	2	2	4	3	3	1	3	3	3	3	3	3	2	2	4	3	3	2	1	1	4	4	1	1	2	1	4			3	4		2	2	2
08.10.2015 22:25:51	10	1	6	7	4	2	1						1						1						1						1						1						1							2					1							2						2					1						1						1						1							2					1						1						1							2						2					1	2	1	2	1	4	4	3	2	3	3	4	4	3	3	1	1	5	3	2	3	1	3	2	2	2	2	2	4	1			3	4		22	10	22
08.10.2015 23:04:55	11	1	9	7	2	4	1						1						1						1						1						1						1							2					1						1						1						1						1						1						1						1						1						1						1						1						1						1	3	3	3	3	5	4	3	3	3	3	3	4	3	3	3	3	4	3	3	3	1	3	2	5	2	2	1	4	3					5	36	36	36
09.10.2015 00:13:34	12	1	10	21	2	2		2						2						2					1						1						1							2						2						2						2						2					1						1							2					1							2					1						1						1							2						2					1	3	3	3	1	3	3	2	4	3	4	3	3	4	3	3	3	3	4	4	3	4	4	4	2	3	1	1	2	2	1	2	3	4		2	2	2
09.10.2015 07:20:39	13	1	12	25	6	3		2			5			2																		2			5																																																																																																		2	4	2	3	3	4	3	2	3	3	2	5	4	4	4	5	2	5	2	1	3	2	2	4	4	4	3	2	3	4		2	3	4		1	2	1
09.10.2015 07:32:00	14	1	6	3	4	3		2						2					1						1						1						1						1							2						2					1							2					1						1						1						1						1						1						1						1						1							2					1	4	3	3	4	5	5	3	3	3	3	4	3	3	3	3	3	5	2	2	3	1	2	4	4	4	4	4	4	3			3	4		15	6	15
09.10.2015 07:44:10	15	1	6	8	2	2	1						1						1						1						1						1						1						1						1						1						1						1						1						1						1						1						1						1						1						1						1						1	2	2	3	2	4	2	3	2	2	2	4	2	2	3	1	1	4	3	4	3	1	4	4	4	4	4	4	5	2				4		12	12	12
09.10.2015 07:47:27	16	1	7	11	2	3		2						2					1						1						1						1							2						2					1							2						2					1						1						1						1							2					1						1						1						1							2					1	4	3	4	3	5	3	4	4	3	3	5	4	3	4	3	3	3	2	2	2	1	2	2	5	4	1	2	2	4			3	4		6	6	6
09.10.2015 08:29:45	17	2	8	17	4	2	1						1							2						2					1						1						1							2					1							2						2					1						1						1						1							2					1						1						1							2							3				1	3	4	4	3	3	3	4	3	3	3	4	3	3	3	3	3	3	5	5	3	1	4	2	5	2	1	3	4	4			3			12	6	12
09.10.2015 08:31:59	18	1	6	8	2	2																										2																		2																																																																														2					1	3	3	3	1	5	3	3	3	3	3	5	4	3	3	3	3	3	3	3	3	1	4	2	2	1	1	2	2	5		2		4		10	10	10
09.10.2015 08:35:38	19	1	7	3	6	3		2							3					2							3				1							2							3					2						2						2							3				1							2					1						1							2						2					1						1							2							3				1	4	3	3	4	5	4	3	4	3	4	4	4	3	3	4	4	5	5	3	1	4	3	2	4	1	1	1	2	4	1		3	4		10	0	10
09.10.2015 09:36:17	20	2	11	33	3	2		2						2					1							2					1						1						1							2						2					1							2					1						1						1						1						1						1						1						1						1							2					1	5	2	5	5	5	1	4	4	3	4	5	5	3	3	4	5	5	5	5	2	1	5	1	4	1	1	1	2	5	1			4		3	3	3
09.10.2015 09:42:17	21	1	9	25	3	3		2			5			2			5									2			5																					2																																																																								2						2					1	4	2	4	4	4	2	4	2	3	2	4	4	3	3	4	2	4	4	4	2	1	5	2	5	2	1	2	4	4		2		4		10	10	10
09.10.2015 09:48:57	22	1	5	4	4	3	1						1						1						1						1						1						1						1						1						1							2					1						1							2					1						1						1						1						1						1						1						1	4	3	3	3	4	3	3	3	1	2	4	3	3	3	4	4	3	3	3	2	1	4	4	4	4	3	2	4	4				4		10	10	10
09.10.2015 10:05:18	23	2	12	34	3	2	1						1						1								3				1						1						1							2						2					1							2					1						1						1						1							2					1						1						1							2						2					1	4	3	3	4	5	3	4	3	3	3	5	4	4	3	3	4	4	4	4	1	1	4	1	5	2	1	3	2	2	1	2		4		1	1	1
09.10.2015 10:17:03	24	1	8	18	3	3			3		5				3		5				3						3		5				3					2							3					2						2						2						2					1						1							2						2						2					1						1						1							2						2					1	4	2	4	4	5	4	5	2	4	4	5	4	4	5	4	4	5	5	5	1	4	5	1	5	2	1	1	1	4		2				1	1	1
09.10.2015 11:34:25	25	1	12	40	3	2		2						2					1						1						1						1							2						2					1						1						1						1						1						1						1						1						1						1						1						1						1						1	5	4	4	3	5	1	5	3	3	3	5	4	3	3	1	1	5	5	4	1	1	5	1	5	1	1	1	1	3					5	1	1	0
09.10.2015 12:10:53	26	1	7	15	2	3	1						1						1						1						1						1						1							2					1						1							2					1						1						1						1						1						1						1						1						1							2					1	4	3	3	3	4	2	5	2	1	2	4	3	4	3	3	3	4	3	4	1	1	2	3	4	2	1	3	4	4		2				6	6	6
09.10.2015 12:52:49	27	1	9	20	5	3	1						1						1						1						1						1						1							2					1						1							2					1						1							2					1							2					1						1						1						1							2					1	4	1	4	4	5	4	3	2	2	3	4	4	3	4	1	1	3	4	3	2	2	3	2	4	4	2	3	3	4		2	3	4		12	12	12
09.10.2015 12:54:31	28	1	6	4	2	4					5							6		2					1						1							2					1							2						2						2						2					1						1						1						1							2					1						1							2					1								3				2	4	3	2	3	5	2	3	5	4	4	4	5	3	5	3	2	3	2	4	1	2	2	2	5	1	1	1	1	5	1					4	4	4
09.10.2015 13:08:56	29	1	10	9	3	3		2						2						2						2						2					1						1							2					1							2						2					1						1						1							2						2						2					1						1							2						2					1	4	3	3	3	5	5	3	3	3	4	4	3	3	3	3	3	5	5	4	3	1	5	3	5	3	1	2	1	4	1	2	3	4		10	3	10
09.10.2015 15:04:22	30	1	11	34	3	3	1				5	6	1				5	6	1						1						1						1						1						1						1													2					1						1						1						1						1						1						1						1						1						1						1	4	3	3	4	5	3	3	3	3	3	5	4	3	3	3	3	3	4	4	2	1	3	3	2	3	3	3	4	4	1					2	2	2
09.10.2015 16:11:16	31	1	7	3	4	3			3						3					2																														2												2						2												2																																										2							3				1	4	3	3	3	5	4	3	3	3	4	4	4	4	4	4	2	5	1	3	1	2	2	4	5	2	1	1	1	3			3	4		5	5	5
09.10.2015 16:52:20	32	1	8	17	3	1	1						1						1						1						1						1						1							2					1						1							2					1						1						1						1						1						1						1						1						1						1						1	3	3	3	3	4	3	4	3	3	4	3	3	3	3	3	3	3	3	2	3	1	3	3	4	4	1	4	3	2			3			10	10	10
09.10.2015 16:50:47	33	1	9	24	4	3		2							3		5	6								2	3		5																					2	3		5			2	3																													2	3		5									2	3		5																					2	3		5			2	3		5		3	5	1	1	2	5	1	4	4	4	4	5	1	5	5	3	3	5	5	2	1	5	5	1	5	1	1	1	1	5	1		3	4		12	12	12
09.10.2015 18:03:44	34	1	5	1	5	3		2							3				1								3					2					1						1							2						2						2							3				1						1						1						1						1						1						1						1						1								3				1	4	4	5	3	4	5	5	3	3	3	4	3	3	3	1	3	3	3	1	2	1	2	2	5	2	3	1	3	2	1	2	3	4		99	10	99
09.10.2015 18:55:51	35	1	8	6	2	2		2					1						1							2					1						1						1							2					1							2						2					1							2					1						1							2					1						1						1							2						2					1	4	1	3	3	5	5	2	3	3	3	4	4	3	3	3	4	4	4	3	1	2	4	2	2	1	1	4	2	3	1		3	4		3	3	3
09.10.2015 18:44:04	36	1	11	27	3	4	1						1						1						1						1						1							2						2						2						2						2					1						1						1						1										5			2						2						2									5			2					2	4	3	3	3	4	1	4	4	4	4	5	4	4	4	4	4	5	4	4	3	2	3	1	5	3	1	1	1	4	1		3	4		1	1	1
09.10.2015 18:44:17	37	1	8	17	2	3		2					1						1						1						1						1							2						2					1						1							2					1						1						1						1						1						1						1						1						1						1						1	3	3	3	4	4	3	3	3	3	3	4	3	3	3	3	4	3	4	2	3	1	4	3	4	2	2	2	2	1			3	4		10	10	10
09.10.2015 18:54:12	38	2	2	0	6	4			3						3				1						1																				3				1						1						1									4			1						1						1						1																																										1	2	3	3	1	3	3	1	1	1	2	3	3	3	3	1	3	3	1	3	3	1	3	1	3	4	3	3	5	2				4		99	99	99
09.10.2015 19:05:30	39	1	11	7	6	3		2						2						2					1						1						1							2						2						2						2						2						2						2						2						2						2						2						2						2						2						2					1	3	4	3	3	4	3	4	2	2	3	4	4	3	3	3	1	4	3	3	3	1	3	2	4	4	1	1	2	4	1	2	3	4		0	6	0
09.10.2015 19:21:06	40	2	6	0	6	3		2						2	3		5			2						2	3	4	5	6	1						1							2	3	4	5	6		2	3	4	5	6		2	3	4	5			2	3					2	3	4	5		1							2						2	3				1							2			5			2						2						2	3	4	5	6		2	3		5	6		2	3		5		2	5	4	5	5	5	5	4	5	5	5	5	5	5	5	4	4	5	4	5	1	5	4	1	5	1	1	1	1	5	1	2	3	4		12	1	12
09.10.2015 20:06:12	41	2	9	22	2	2		2						2						2					1						1						1						1								3					2						2							3				1						1						1						1						1						1						1						1							2						2	3				1	4	3	4	5	5	3	5	3	3	3	3	5	3	3	4	4	4	4	5	2	2	4	2	5	1	1	1	1	4	1	2	3	4		3	3	3
09.10.2015 21:27:10	42	1	7	10	3	3		2						2					1							2						2					1						1							2					1							2						2					1						1						1						1						1						1						1						1						1							2					1	4	2	2	4	5	4	4	4	2	3	4	4	5	4	4	4	5	4	4	1	2	1	2	5	2	1	2	2	4		2	3	4		1	1	1
10.10.2015 05:49:45	43	1	6	9	5	3			3						3					2					1						1						1						1						1						1						1						1						1						1						1						1							2					1						1						1						1								3		5		1	2	3	3	3	4	3	3	4	4	4	4	3	4	3	4	5	4	4	5	2	2	5	4	4	1	1	1	3	4	1	2	3	4		10	10	10
10.10.2015 08:02:48	44	1	9	20	4	3		2						2						2						2					1						1							2							3					2							3						3				1								3					2						2							3						3				1						1								3						3				3	4	4	4	4	4	4	4	4	4	3	4	4	4	4	3	3	4	3	3	2	3	2	1	4	1	1	1	1	4	1	2	3	4		4	1	4
10.10.2015 08:20:14	45	1	8	7	4	3		2						2																			3																	2												2						2																														2																																			1	4	1	1	3	5	3	3	3	2	3	2	2	3	3	3	3	5	2	2	2	1	2	4	4	1	1	4	4	2			3	4		12	6	6
10.10.2015 09:09:44	46	1	5	2	4	2		2									5			2									5		1							2						2						2						2							3						3				1						1						1						1						1						1						1						1							2						2					3	4	2	2	3	5	5	4	4	2	3	4	4	4	4	4	4	5	5	4	3	4	2	2	3	1	1	4	2	4	1	2	3	4		2	2	2
10.10.2015 09:33:55	47	1	8	12	2	3		2						2						2						2						2						2						2						2																		2												2																																										2						2					1	4	4	3	4	4	5	3	3	3	3	4	4	4	4	3	3	4	4	4	2	2	4	2	5	2	2	2	2	4	1		3			10	3	10
10.10.2015 09:41:16	48	1	8	18	3	3	1						1						1						1						1						1						1						1						1							2						2					1						1						1						1						1						1						1						1							2						2					1	2	3	2	4	5	3	3	3	3	3	4	4	3	3	1	1	4	3	3	3	1	5	2	3	4	2	2	4	3		2	3	4		0	0	0
10.10.2015 09:56:07	49	1	9	16	3	2	1				5	6	1				5		1								3		5	6	1						1						1						1						1						1						1						1						1						1						1						1						1						1						1						1						1						1	4	3	3	4	4	4	3	3	3	3	5	4	4	4	4	4	4	3	4	2	3	4	4	4	2	2	1	2	4		2	3	4		2	2	2
10.10.2015 10:40:26	50	1	7	10	3	3		2						2					1						1						1						1						1							2					1						1							2					1						1						1						1						1						1						1						1						1						1						1	3	2	2	3	4	2	3	4	3	3	4	4	4	3	3	3	4	4	2	2	2	5	4	4	2	4	2	3	4		2	3	4		3	3	3
10.10.2015 11:17:07	51	1	8	15	2	3		2						2					1							2						2					1						1						1							2					1						1						1						1						1						1						1						1						1						1						1									4			2	5	4	4	4	5	4	3	4	3	3	5	4	3	3	3	3	5	4	2	2	1	3	1	5	1	1	2	1	4				4		10	10	10
10.10.2015 11:40:20	52	1	6	5	2	3	1						1						1						1						1						1						1						1						1						1							2					1						1						1						1						1						1						1						1						1							2					1	4	2	3	3	5	3	3	3	3	3	4	4	4	4	3	3	4	4	1	2	1	1	3	5	4	2	2	4	4		2	3			1	1	1
10.10.2015 11:49:31	53	1	8	10	4	3		2							3						3					2						2					1											6		2							3					2						2					1						1						1						1							2	3					2					1						1							2						2					1	5	1	1	4	5	4	5	3	2	4	4	5	5	4	4	3	5	4	4	1	2	3	4	4	5	1	1	2	3	1	2	3	4		1	1	1
10.10.2015 13:08:28	54	1	7	14	3	3	1						1						1						1						1						1						1							2					1						1							2					1						1						1						1						1						1						1						1						1							2					1	3	3	2	3	4	4	3	3	3	3	3	3	4	3	3	2	4	3	2	2	2	3	3	3	3	4	4	3	3			3			1	1	1
10.10.2015 13:07:13	55	2	5	4	3	3	1						1						1						1						1						1								3		5			2					1							2						2					1						1						1						1							2					1						1						1						1							2					2	4	2	3	2	4	3	3	3	3	3	4	3	4	3	1	1	5	3	4	2	4	2	2	5	2	2	1	2	4	1					3	3	3
10.10.2015 13:24:52	56	1	10	0	6	3		2						2						2					1						1						1						1							2						2						2						2					1						1						1						1							2						2					1						1							2	3						3				1	5	5	5	5	5	5	5	5	5	5	5	5	5	5	5	5	5	4	2	1	2	4	4	5	1	1	1	1	5	1					12	6	3
10.10.2015 14:54:52	57	1	10	24	4	3		2						2						2						2																								2						2						2						2																		2												2						2																		2						2					1	3	3	3	3	4	1	4	3	3	3	4	3	3	3	4	4	5	4	4	2	2	2	3	5	2	1	4	2	3	1	2	3			18	18	18
10.10.2015 16:03:40	58	1	8	16	2	3	1				5		1						1						1						1						1						1						1						1							2					1						1						1						1						1						1						1						1						1						1							2					1	4	3	3	4	4	4	4	3	4	4	4	4	5	4	3	3	5	3	5	1	2	3	3	4	2	1	1	1	5	1	2	3	4		1	1	1
10.10.2015 16:25:26	59	1	7	10	3	3		2	3		5	6		2	3					2	3					2	3		5			2						2	3					2	3					2	3					2	3					2						2	3				1							2						2					1							2						2					1						1							2						2	3		5	6	2	5	3	3	3	4	4	4	5	5	5	5	4	5	5	4	4	5	5	3	1	4	3	2	5	1	1	1	1	5	1					1	1	1
10.10.2015 16:46:44	60	1	9	14	3	3		2									5	6			3		5				3		5	6		2					1								3		5			2						2						2						2						2						2					1						1							2						2					1						1							2						2					3	4	2	3	4	4	5	4	5	4	5	5	4	5	5	4	3	5	4	5	1	5	3	1	2	1	1	1	1	5	1		3			1	1	2
10.10.2015 17:20:37	61	1	8	15	2	3			3		5	6		2												2	3		5	6								2	3		5	6																																																																																											1	4	2	3	4	4	2	4	4	4	4	3	3	4	3	4	4	4	5	4	2	2	3	2	5	1	2	1	1	5	1	2	3	4		0	0	0
10.10.2015 17:33:44	62	1	10	6	4	3	1							2					1										5	6	1						1						1										5	6		2														4			1							2						2					1									4				2					1						1							2								4			2	4	1	3	1	4	4	4	3	4	4	4	5	4	4	3	3	3	2	4	2	4	2	2	4	1	1	2	1	5	1	2	3			3	3	10
10.10.2015 18:11:20	63	1	10	6	5	3								2					1						1						1						1							2							3						3						3						3					2						2					1						1							2						2					1						1							2							3				1	4	4	4	4	4	5	5	4	4	4	3	4	4	4	3	4	4	3	3	1	4	3	3	4	4	1	1	1	4	1					12	12	12
10.10.2015 19:05:05	64	1	9	5	3	3									3				1							2						2						2						2						2						2						2						2						2							3					2						2						2						2						2						2						2							3				1	5	3	4	4	5	5	5	5	4	4	5	5	4	5	3	3	5	4	4	2	2	3	2	5	3	2	2	2	4			3	4		10	4	4
10.10.2015 20:20:10	65	1	5	3	2	3		2						2																																																																																																																							1	4	2	3	4	4	3	3	3	3	3	4	4	4	4	3	3	3	4	5	1	2	4	1	4	1	2	1	2	4	1		3	4		2	2	2
10.10.2015 22:06:38	66	1	12	30	2	3		2						2																																																																																																																							1	5	1	5	4	5	5	5	3	3	3	5	5	4	5	3	2	5	5	1	1	1	1	3	5	1	1	1	1	4			3			2	2	2
10.10.2015 22:46:48	67	1	9	15	2	3		2						2					1							2					1							2					1							2					1							2						2					1						1						1						1						1						1						1						1						1								3				1	3	3	2	3	4	4	4	4	3	2	3	3	3	3	3	3	4	4	3	3	1	4	4	2	4	2	3	3	4				4		6	3	5
10.10.2015 23:02:31	68	1	8	9	5	3		2							3					2							3						3				1							2						2						2						2						2					1							2						2					1							2					1						1						1							2						2					1	4	4	2	3	4	5	3	3	3	3	3	3	3	3	3	3	5	2	4	2	1	4	4	4	4	2	4	4	5		2	3	4		4	2	4
10.10.2015 23:40:00	69	1	8	17	4	3		2						2						2						2					1						1							2						2						2					1							2					1						1						1						1							2					1						1							2						2						2					1	4	3	4	3	5	3	3	3	3	3	4	4	3	3	3	3	3	5	3	2	1	1	2	5	1	2	1	2	5			3	4		9	1	3
11.10.2015 02:35:31	70	1	6	2	5	3	1							2						2					1						1						1						1							2						2						2						2					1						1						1						1							2					1						1						1							2						2					1	4	3	3	3	4	3	4	4	2	3	4	4	4	4	3	3	3	2	4	2	2	4	4	2	1	1	1	4	4		2		4		3	3	3
11.10.2015 03:54:04	71	2	7	11	4	3			3						3					2						2						2						2						2						2						2						2						2						2						2						2					1						1							2						2					1						1								3				1	5	3	3	5	5	5	3	3	3	2	5	5	4	5	3	3	5	3	3	1	2	2	2	5	3	1	2	2	5			3	4		1	12	1
11.10.2015 09:33:18	72	1	9	25	6	3			3		5	6			3					2							3					2						2						2						2						2						2						2					1						1							2					1							2					1						1						1							2							3				3	4	2	2	3	4	4	4	4	4	5	4	4	5	5	2	2	4	3	4	2	2	3	2	4	2	1	1	2	4	1		3			4	1	4
11.10.2015 10:01:11	73	1	8	14	6	3	1							2					1							2					1							2						2						2						2						2						2					1						1						1						1							2					1						1						1							2						2					1	5	2	2	2	5	5	2	2	2	4	4	4	5	4	2	2	4	2	4	2	2	2	2	4	4	1	1	2	2	1	2	3	4		2	2	2
11.10.2015 10:41:21	74	1	8	20	3	4		2																		2																								2																																																2																																			1	4	1	1	1	5	1	3	3	3	3	5	4	3	4	1	1	5	3	5	1	1	2	4	4	2	2	5	4	4			3			0	0	0
11.10.2015 11:17:07	75	2	10	20	4	3		2			5	6			3		5	6			3		5	6		2					1						1						1							2						2						2			5			2						2						2						2					1							2						2					1						1							2						2					2	4	3	2	3	4	4	4	4	4	4	4	4	5	4	4	3	3	2	4	4	4	3	2	2	1	1	1	1	4	1					4	1	2
11.10.2015 11:49:44	76	1	7	13	2	4	1						1							2						2					1						1						1							2						2						2						2					1						1						1						1							2						2					1						1						1							2					1	3	3	3	3	4	3	3	3	3	3	3	3	3	3	4	4	4	3	3	2	1	4	4	4	3	2	3	4	4		2	3	4		9	9	9
11.10.2015 12:19:10	77	1	10	4	3	3		2							3					2								4			1							2					1							2					1						1							2					1						1						1						1						1						1						1						1						1						1						1	4	4	3	4	4	5	4	4	4	4	5	4	5	4	4	4	4	4	5	1	3	2	1	4	2	2	1	1	5			3	4		3	3	3
11.10.2015 14:28:30	78	1	11	17	2	2			3						3					2							3					2					1								3					2						2						2						2						2						2						2						2						2						2						2						2						2											1	4	4	4	3	4	3	4	4	4	4	5	4	5	4	4	5	5	5	4	1	3	4	1	4	1	1	1	1	5			3			0	0	0
11.10.2015 17:58:05	79	1	7	14	2	3		2						2					1							2						2						2					1							2						2						2						2					1						1						1						1						1						1						1						1							2						2					1	4	3	3	4	5	4	4	3	2	3	5	3	4	3	3	4	4	4	4	2	1	4	2	4	4	4	4	5	3				4		10	10	10
11.10.2015 18:13:29	80	1	6	0	6	3	1						1						1						1						1						1							2						2						2						2						2					1							2					1						1						1						1						1						1							2						2					1	4	3	3	3	4	4	4	4	3	3	5	3	4	3	3	3	4	3	3	3	2	3	2	5	2	1	1	2	4	1					12	3	12
11.10.2015 18:30:07	81	2	7	9	3	3		2						2					1						1							2						2						2						2						2						2						2					1							2					1						1							2					1						1						1							2						2					1	3	4	3	3	4	3	4	3	4	4	4	3	4	4	4	4	4	3	4	3	3	3	2	5	2	1	2	1	3			3	4		1	0	1
11.10.2015 18:49:43	82	1	8	10	2	3		2						2					1							2					1						1						1						1						1						1						1						1						1						1						1						1						1						1						1						1						1						1	4	3	3	5	4	4	3	3	3	3	4	4	3	5	4	4	5	3	4	3	3	3	3	4	4	3	3	3	4		2	3	4		4	3	4
11.10.2015 18:52:15	83	1	7	10	2	2	1						1						1							2					1						1						1							2					1							2						2					1						1							2					1							2					1						1						1						1							2					1	5	3	4	3	4	4	3	3	3	3	5	4	4	4	3	2	5	5	5	1	1	5	1	4	2	2	2	3	4		2		4		10	3	3
11.10.2015 18:52:49	84	1	7	12	4	3		2						2						2							3				1								3				1							2					1							2						2					1						1						1						1						1						1						1						1						1								3				1	4	3	3	3	4	3	3	2	3	3	4	4	4	3	2	2	4	3	3	3	2	4	3	5	4	2	4	4	2		2	3			3	3	3
11.10.2015 19:18:00	85	1	9	25	4	3		2							3					2						2					1						1						1								3					2						2							3				1						1						1						1							2					1						1						1							2							3				1	3	1	3	3	5	2	3	3	2	1	4	3	2	2	3	3	5	3	2	2	2	2	3	1	2	1	4	4	2				4		22	10	10
11.10.2015 19:36:23	86	1	7	12	4	3		2						2						2						2					1							2						2						2						2						2						2					1							2							3				1							2					1						1						1							2						2					1	3	2	3	2	4	3	5	4	4	4	4	4	4	4	3	3	3	2	4	2	4	2	4	5	1	1	1	1	5	1		3	4		34	1	10
11.10.2015 21:54:16	87	1	12	32	3	3		2					1						1						1						1						1						1							2					1						1							2					1						1						1						1							2						2					1						1							2					1						1	3	2	2	3	4	1	3	3	4	3	5	4	4	4	1	2	5	3	4	4	2	2	2	4	2	1	3	3	4	1	2				1	1	1
11.10.2015 22:36:10	88	2	5	2	4	2		2							3		5	6		2						2							3		5	6	1						1							2						2						2						2					1						1						1						1						1						1						1						1						1							2					1	5	3	3	2	5	3	3	4	3	3	5	5	3	4	3	5	5	4	4	2	4	4	2	4	1	4	2	4	4	1		3	4		1	1	1
11.10.2015 22:34:59	89	1	5	3	2	3					5	6					5			2									5	6	1							2					1							2						2						2						2					1						1						1						1						1						1						1						1							2						2					1	4	2	3	3	4	4	3	3	3	4	3	3	4	4	3	3	4	2	2	2	2	1	3	4	2	1	1	2	4	1		3			0	0	0
11.10.2015 23:25:53	90	1	7	10	3	3	1						1						1						1	2					1						1						1							2						2						2						2					1						1						1						1							2					1						1						1						1							2					1	3	2	4	4	5	4	5	3	2	3	4	4	3	3	4	4	5	3	3	2	1	4	3	4	2	1	4	4	3		2	3	4		12	11	12
12.10.2015 07:59:51	91	1	7	19	3	2	1						1						1						1						1						1						1							2					1							2						2					1						1						1						1						1						1						1						1							2						2					1	3	3	4	2	5	5	5	3	3	3	5	5	3	3	3	4	4	2	2	1	1	2	5	4	5	4	3	4	4			3			0	0	0
12.10.2015 08:10:02	92	1	7	13	4	1		2							3				1								3				1						1						1							2						2						2							3				1						1						1						1							2					1						1						1							2							3				2	3	3	3	3	4	4	5	3	4	4	5	3	4	5	1	1	3	4	4	2	4	1	1	4	2	1	1	1	2			3	4		3	0	3
12.10.2015 08:27:04	93	2	10	27	3	2	1							2					1						1						1						1						1							2					1						1							2					1						1						1						1							2					1						1						1							2							3				1	3	2	3	4	4	1	4	3	3	3	4	3	3	3	4	3	3	3	3	3	5	4	2	2	2	1	2	2	3				4		12	12	12
12.10.2015 08:34:12	94	1	5	0	6	3			3		5	6			3		5	6	1								3				1						1							2							3	4				2							3						3	4			1								3				1								3	4				2						2						2					1							2							3	4	5	6	3	4	3	3	1	4	4	3	3	2	3	5	2	3	2	3	3	3	4	1	3	3	3	3	3	4	1	3	3	2	1	2	3	4		12	12	12
12.10.2015 09:28:12	95	1	6	5	6	3			3		5						5			2						2					1							2					1							2						2					1							2					1						1						1						1						1						1						1						1						1						1						1	5	2	4	5	5	5	3	2	4	4	4	5	5	5	5	5	5	2	5	1	4	1	1	5	1	1	1	2	5	1		3			9	0	9
12.10.2015 10:16:08	96	1	11	23	4	3		2							3				1							2					1						1						1							2						2						2						2					1						1												1							2						2					1						1							2						2					1	4	3	3	3	5	5	3	3	2	1	2	3	3	3	2	4	3	4	1	2	3	1	2	4	3	1	5	4	5			3			9	9	9
12.10.2015 11:40:27	97	1	7	15	3	4		2						2						2							3		5	6			3		5	6	1								3		5	6		2						2						2						2					1						1						1						1						1						1						1						1						1							2					1	4	4	4	4	4	4	4	4	5	4	4	5	5	5	4	4	3	4	4	1	4	2	2	5	1	1	1	1	5	1		3	4		1	1	1
12.10.2015 12:11:32	98	1	6	4	3	3	1						1						1						1						1						1						1							2					1							2						2					1								3				1						1						1						1						1						1							2						2					1	4	3	3	4	5	5	4	4	3	4	4	4	4	4	3	3	3	3	4	2	4	3	3	4	2	2	2	1	4	1	2	3	4		5	5	5
12.10.2015 14:23:35	99	1	7	8	4	2		2						2						2					1							2					1							2						2						2						2						2					1						1						1						1							2						2					1						1							2						2					1	1	1	1	1	4	5	5	4	3	4	2	3	4	4	1	1	4	4	5	2	2	5	1	4	1	1	1	1	4	1		3			24	24	24
12.10.2015 15:53:55	100	1	11	13	3	2																																																														2																																																																	1	3	3	3	3	4	1	3	3	3	2	3	3	3	3	1	1	3	3	4	3	1	5	4	4	4	5	2	1	5		2	3	4		10	5	10
12.10.2015 16:52:43	101	2	10	23	4	3	1						1						1						1						1						1						1							2					1						1							2					1						1						1						1						1						1						1						1						1							2					1	4	3	2	3	4	3	3	3	3	3	4	3	3	3	2	2	5	3	2	4	1	3	4	5	3	2	3	4	3		2	3	4		10	10	10
12.10.2015 17:25:39	102	1	7	6	3	3			3		5	6			3		5	6		2							3		5	6								2	3		5	6		2	3		5	6		2						2												2																														2																																			1	4	3	3	4	4	4	2	2	4	2	5	3	5	4	1	3	5	3	2	1	4	4	1	5	2	1	5	2	4	1		3			1	1	1
12.10.2015 17:59:12	103	1	5	1	3	3	1						1						1						1						1						1										5			2					1							2						2					1						1						1						1						1						1						1						1						1							2					1	5	3	3	3	4	4	4	4	3	4	5	4	3	3	4	4	5	4	2	2	2	1	2	5	1	4	4	4	5			3			5	5	5
12.10.2015 18:20:05	104	1	8	15	2	3			3	4	5	6			3											2						2					1								3					2						2						2						2						2					1						1						1							2					1						1						1						1							2					1	4	4	4	4	5	4	4	4	5	5	5	4	5	4	4	4	5	5	5	1	4	5	1	5	1	1	1	1	4	1					1	1	1
12.10.2015 18:21:38	105	1	7	14	2	3																																						2						2						2						2						2																																																																	1	3	3	3	3	4	4	3	2	3	3	4	4	3	3	2	3	4	4	2	1	1	3	3	4	4	2	2	4	4				4		4	4	4
12.10.2015 18:33:44	106	1	7	7	2	3		2						2					1						1						1						1						1							2					1						1							2					1						1						1						1						1						1						1						1						1							2					1	4	2	2	4	4	4	3	2	1	2	3	3	4	1	2	3	5	1	1	1	1	4	2	2	5	2	4	5	3					5	24	24	24
12.10.2015 18:40:38	107	1	5	2	3	2									3												3																							2						2						2						2												2						2												2																								2						2					1	5	2	2	2	4	4	5	2	3	4	4	3	4	3	2	3	4	5	2	3	1	4	3	4	3	2	3	3	2			3			12	12	12
12.10.2015 19:23:40	108	1	6	7	3	3	1						1						1						1						1						1						1							2					1						1							2					1						1						1						1						1						1						1						1						1							2					1	4	3	3	3	4	4	3	3	3	3	3	4	3	3	3	3	3	3	4	3	1	1	4	4	4	2	4	4	3	1			4		10	10	10
12.10.2015 19:26:04	109	1	9	15	3	2	1						1						1							2	3		5	6	1						1						1						1						1						1						1						1						1						1						1						1						1						1						1						1						1						1	4	4	3	3	4	4	3	3	3	3	4	4	4	4	4	4	4	4	4	1	2	4	2	4	2	2	1	1	4		2	3	4		2	2	2
12.10.2015 20:06:54	110	1	6	8	4	3	1						1						1						1						1						1						1							2					1							2						2					1						1						1						1						1						1						1						1						1							2					1	2	1	1	1	4	4	2	1	2	2	2	4	2	2	3	3	4	3	4	4	1	4	5	2	4	4	5	5	2			3	4		22	10	22
12.10.2015 20:32:25	111	1	7	11	4	2	1						1						1						1						1						1						1						1						1						1							2					1						1						1						1						1						1						1						1						1						1						1	4	4	3	3	5	1	3	1	1	1	4	3	3	1	3	3	5	5	2	1	1	4	4	2	5	4	5	5	1		2	3	4		12	12	12
12.10.2015 22:11:19	112	1	11	30	5	2	1						1						1						1						1						1						1							2					1							2						2					1						1						1						1						1						1						1						1							2						2					1	4	3	3	3	4	3	3	3	3	3	4	3	4	3	3	3	4	4	2	2	3	4	2	4	2	2	2	2	3	1	2		4		1	1	1
12.10.2015 23:42:16	113	1	7	4	3	4					5			2						2					1						1						1						1							2					1						1						1						1						1						1						1							2					1						1						1							2						2					1	4	3	3	3	4	4	3	3	3	3	4	4	4	4	1	1	4	4	4	2	2	3	2	4	2	2	2	4	3			3	4		1	1	1
13.10.2015 10:14:39	114	1	8	15	2	3	1				5		1						1						1						1						1							2						2					1							2						2					1						1						1						1							2					1						1						1						1							2					1	5	3	5	5	5	5	4	4	4	4	5	4	5	5	2	3	5	3	2	2	2	3	2	4	2	4	3	2	4	1	2				10	1	1
13.10.2015 11:16:29	115	1	7	5	3	3			3						3																																																																																																												3										2	5	5	5	5	5	5	5	5	5	5	5	5	5	5	5	4	5	5	4	1	4	5	1	4	1	1	1	1	5	1		3			1	1	1
13.10.2015 15:01:11	116	1	4	1	2	3		2						2					1						1						1						1						1							2					1						1							2					1						1						1						1						1						1						1						1						1							2					1	4	3	4	4	4	4	4	3	3	3	5	4	4	3	4	4	4	4	1	1	3	3	2	5	2	2	1	2	2			3	4		1	1	1
13.10.2015 16:16:35	117	1	7	11	3	3		2						2						2							3				1							2					1							2					1							2						2					1						1						1						1							2					1						1						1							2						2					1	4	2	3	3	4	3	3	2	2	3	3	3	4	3	2	2	4	3	3	3	2	2	3	4	2	2	3	3	4			3			10	2	10
13.10.2015 17:05:56	118	1	9	20	4	3		2						2						2							3				1							2						2						2						2					1							2					1						1							2					1							2					1						1						1							2							3				1	5	3	3	3	5	4	3	4	3	4	4	4	5	3	4	4	5	4	5	2	1	5	2	5	1	1	1	1	5	1					3	3	3
13.10.2015 17:13:27	119	1	10	15	4	3		2						2								4			1						1						1							2						2						2						2						2						2						2						2						2						2						2						2						2						2						2					1	3	3	3	3	3	2	4	3	3	2	4	4	3	3	3	3	3	5	4	3	2	4	1	5	2	1	1	4	4				4		2	2	2
13.10.2015 18:41:54	120	1	9	21	3	3		2			5	6	1				5	6	1						1						1						1						1						1						1							2					1						1						1						1						1						1						1						1						1						1							2					1	3	3	3	3	4	4	4	4	4	4	4	5	5	5	3	3	5	5	5	2	4	5	2	5	1	1	1	1	5	1		3			2	2	2
13.10.2015 18:51:24	121	1	5	4	3	3		2						2						2									5			2						2						2						2						2					1							2						2					1						1						1												1						1						1						1							2					1	4	3	3	4	5	4	4	4	4	4	5	4	4	4	3	3	3	4	4	2	3	4	2	4	3	2	2	2	4		2	3	4		10	2	10
13.10.2015 19:21:04	122	1	11	23	4	3	1							2					1						1						1						1							2						2						2						2						2					1						1						1						1							2						2											1							2							3				2	4	2	3	4	5	3	3	3	3	3	3	3	4	4	3	3	5	4	4	2	2	4	3	5	2	1	1	2	3		2				2	1	2
13.10.2015 19:19:59	123	1	8	12	3	3	1						1						1						1						1						1						1							2					1						1							2					1						1						1						1						1						1						1						1						1							2					1	4	3	3	3	4	4	3	4	3	3	3	4	3	3	3	3	5	4	4	2	1	4	4	4	2	4	3	4	4	1	2	3	4		2	3	3
13.10.2015 21:15:45	124	1	10	25	5	3	1						1						1						1						1						1						1							2					1						1							2					1						1						1						1						1						1						1						1						1						1						1	4	3	4	4	4	4	3	2	3	2	4	4	3	3	4	4	4	4	2	2	1	3	2	4	4	4	2	2	2				4		10	10	10
13.10.2015 21:18:59	125	1	11	30	4	2	1						1						1						1						1						1						1							2					1							2						2					1						1						1						1							2					1						1						1							2						2					1	3	3	3	3	4	3	3	3	3	3	4	3	4	3	3	3	4	4	2	4	2	4	3	4	2	2	2	2	4	1	2	3	4		1	1	1
14.10.2015 07:54:17	126	1	6	7	2	3	1						1						1						1						1						1						1							2						2						2						2					1						1						1						1							2					1						1						1							2							3				1	3	1	1	1	5	5	5	5	3	5	3	3	3	3	4	3	4	5	5	2	1	1	1	5	2	1	4	4	5	1		3			2	2	2
14.10.2015 08:35:55	127	1	9	10	4	1	1						1						1						1						1								3				1							2						2						2							3				1						1							2					1							2						2					1						1							2						2					1	5	1	3	4	5	4	4	4	3	3	5	5	4	4	2	2	5	5	5	1	3	5	3	5	1	1	1	1	5			3	4		10	5	10
14.10.2015 10:02:33	128	1	12	40	2	3	1						1						1						1						1						1						1							2																		2					1						1						1						1						1						1						1						1							2						2					1	4	1	3	4	4	1	5	2	1	1	3	5	3	3	3	2	3	4	1	3	1	5	2	5	2	5	5	4	2			3	4		3	3	3
14.10.2015 12:07:48	129	1	6	3	3	3																																																																																																																															1	4	3	3	4	4	4	4	2	3	2	4	4	4	3	4	4	5	4	2	2	2	3	3	4	2	4	4	2	4				4		2	2	2
14.10.2015 12:14:55	130	1	6	3	3	3																																																																																																																															1	4	3	3	3	4	4	4	3	2	4	4	3	4	3	4	4	5	4	2	2	3	3	3	4	2	2	2	2	4				4		2	2	2
14.10.2015 12:53:55	131	1	11	30	3	3	1						1						1						1						1						1						1						1						1						1						1						1						1						1						1						1						1						1						1														3				1	5	3	3	4	5	2	3	2	3	3	4	3	3	3	2	3	4	2	4	2	2	2	2	4	2	2	2	3	5		2	3	4		10	10	10
14.10.2015 12:57:55	132	1	7	10	4	3	1						1						1						1						1						1						1							2					1								3						3				1						1						1						1							2					1						1						1							2							3				1	4	2	2	4	4	5	4	4	4	4	2	4	4	4	3	2	5	2	5	3	4	2	2	4	2	1	1	1	4	1					3	1	3
14.10.2015 14:32:33	133	1	8	9	3	2	1						1						1						1						1						1						1						1						1						1						1						1						1						1						1						1						1						1						1						1						1						1	3	3	3	3	4	3	3	3	3	3	3	3	3	3	3	3	3	2	3	3	1	1	3	5	4	4	4	4	4				4		12	12	12
14.10.2015 19:08:02	134	2	8	8	4	2		2						2						2						2					1						1							2						2						2						2						2					1							2					1						1							2						2					1						1							2									5		1	4	3	3	3	4	4	4	3	3	3	4	3	3	3	3	3	4	3	4	3	3	4	3	4	1	1	1	1	3	1	2	3	4		9	2	9
14.10.2015 19:16:48	135	1	9	22	4	1																																												2												2						2																														2																								2						2					2	1	2	1	1	4	3	4	3	1	3	3	3	3	3	1	1	3	2	3	3	1	4	4	4	3	2	4	2	1				4		50	50	50
14.10.2015 19:45:06	136	1	8	10	4	3	1						1						1						1						1						1						1							2					1							2						2					1						1						1						1							2					1						1						1						1							2					1	5	3	2	2	5	5	4	4	3	4	3	5	5	5	3	3	5	5	4	1	1	5	1	4	1	1	1	2	5	1					12	12	10
14.10.2015 21:03:36	137	1	9	15	5	3	1						1						1						1						1						1						1						1						1						1							2					1						1						1						1							2					1						1						1							2					1						1	5	2	4	3	5	3	4	4	3	3	4	5	5	3	3	3	5	5	3	2	1	5	3	4	2	2	1	2	2	1	2	3	4		7	7	7
14.10.2015 22:19:42	138	1	5	4	4	3		2							3				1										5		1								3				1								3						3					2							3				1						1							2					1							2					1						1						1						1										5		1	2	3	2	2	4	3	3	2	2	4	2	4	4	4	4	4	4	3	4	3	2	1	5	2	4	1	4	2	2			3	4		24	24	6
14.10.2015 23:26:19	139	2	7	8	4	3			3								5	6			3											2					1									4	5	6			3		5				3					2									5		1							2						2							3					2					1						1						1							2							3	4	5	6	2	5	3	4	4	5	4	4	4	4	3	5	5	5	5	4	4	5	4	5	2	5	2	1	5	2	1	1	1	5	1		3	4		0	0	0
15.10.2015 00:17:01	140	1	9	19	4	3		2						2						2							3					2					1						1							2						2						2							3				1							2						2					1							2						2					1						1							2						2					1	4	3	3	3	5	4	4	1	1	2	3	4	4	4	4	3	4	3	4	2	2	5	3	4	1	1	1	1	4	1	2	3	4		36	6	36
15.10.2015 12:47:12	141	1	10	27	3	3		2						2					1						1						1						1						1							2					1						1						1						1						1						1						1						1						1						1						1						1						1						1	3	3	2	3	4	3	3	3	3	2	3	3	4	3	1	1	5	4	1	3	1	4	4	4	3	3	4	4	4		2	3	4		10	5	5
15.10.2015 12:53:35	142	1	6	3	2	3		2						2																														2																								2																																																						2						2					1	4	1	1	1	4	4	5	3	3	3	4	2	3	3	2	4	3	3	2	1	4	5	2	2	2	3	2	2	1	1	2	3	4		1	1	1
15.10.2015 14:10:20	143	1	10	28	4	3	1							2					1							2						2						2					1							2						2						2						2					1						1										5		1										5						5		1						1							2						2					1	3	2	3	3	3	3	4	4	3	3	2	4	3	3	3	3	5	3	2	3	2	4	2	5	2	1	1	2	1	1	2	3	4		19	12	19
15.10.2015 16:09:06	144	1	5	4	6	3		2							3		5			2					1						1						1							2						2						2						2						2					1						1						1						1						1												1						1							2						2	3				1	4	2	3	3	4	3	3	3	3	2	4	2	4	3	4	3	4	4	1	1	2	5	4	2	2	1	1	2	1	1					10	4	10
15.10.2015 16:19:55	145	1	10	25	4	3			3						3		5			2			5		1							2					1							2						2						2						2						2						2						2						2						2						2					1						1						1							2							3		5		2	4	3	4	4	4	4	4	4	4	4	4	4	4	4	4	3	4	4	4	2	2	5	2	5	1	1	1	1	4	1		3	4		24	24	24
15.10.2015 16:28:15	146	1	7	12	3	3						6					5				3							4					3								5							6		2						2						2						2					1						1						1						1							2					1						1						1						1							2					2	5	3	3	4	5	5	5	4	4	4	5	5	5	5	3	3	5	3	2	2	4	4	1	5	1	1	1	1	5	1	2	3	4		0	0	0
15.10.2015 16:31:37	147	2	10	28	3	4			3					2						2					1						1						1								3					2					1						1							2					1						1						1												1						1						1						1						1							2					1	4	3	2	3	5	4	3	3	2	2	4	4	3	3	2	1	3	2	3	1	2	4	4	3	2	4	2	4	1	1		3	4		1	1	1
15.10.2015 19:05:46	148	2	12	36	3	3									3				1																		1														3												3						3																1						1																		1																				3				1	4	3	3	2	2	2	5	3	3	4	3	3	3	4	3	4	5	2	5	2	2	3	4	5	2	1	1	1	4	1	2		4		0	1	1
15.10.2015 19:55:17	149	2	7	8	4	3		2						2						2						2						2						2						2							3		5			2						2						2					1						1						1						1							2					1						1						1							2						2					1	3	3	3	3	4	5	3	3	3	3	3	4	3	3	3	3	4	4	4	2	2	3	3	4	2	1	2	1	3	1	2	3	4		21	1	21
15.10.2015 20:49:10	150	1	10	28	2	2	1				5	6	1						1							2					1							2					1						1						1						1						1						1						1						1						1						1						1						1						1						1						1						1	4	3	3	3	5	2	3	4	3	4	4	5	4	4	1	1	5	4	4	2	2	4	4	4	1	2	1	1	4		2	3	4		3	1	3
16.10.2015 10:59:49	151	1	6	5	2	3		2						2						2					1						1						1						1								3					2						2						2					1						1						1						1						1						1						1						1						1										5		1	4	1	3	3	4	4	3	2	3	4	4	4	4	4	3	3	5	3	4	1	2	3	3	5	1	1	1	2	4	1		3	4		6	6	6
16.10.2015 12:45:23	152	1	6	3	4	3		2						2						2						2					1						1						1							2					1							2						2					1						1						1						1							2					1						1						1							2						2					1	4	2	3	4	5	5	4	3	3	2	4	4	5	4	3	4	5	3	3	1	4	3	4	4	2	4	2	4	3		2	3	4		3	3	3
16.10.2015 14:41:14	153	2	6	5	4	3		2						2						2						2					1						1						1							2						2						2						2					1						1						1						1							2					1						1						1							2						2					1	5	3	3	4	5	5	4	3	3	3	5	4	3	3	3	3	5	2	4	2	2	1	2	5	2	1	2	2	4			3	4		12	3	12
16.10.2015 14:59:49	154	2	9	13	6	3	1								3							4	5	6			3				1						1								3							4	5	6				4	5	6				4	5	6				4	5	6				4	5	6				4	5	6					5	6		2									5	6		2					1							2							3		5	6	1						3	5	4	4	4	5	5	3	3	4	5	5	5	5	5	4	2	3	2	5	1	5	5	1	5	2	1	4	1	4	1		3			3	0	3
16.10.2015 15:07:39	155	1	9	20	3	3	1						1						1						1						1						1						1						1						1						1						1						1						1						1						1						1												1						1						1						1						1	3	2	2	2	4	3	4	2	1	1	3	4	3	3	1	2	5	5	2	1	1	4	3	3	4	4	2	4	2			3	4		12	10	12
16.10.2015 16:30:55	156	1	9	19	2	3		2																			3						3																																																																																																				1	4	3	3	3	5	1	4	3	4	2	3	4	4	4	4	4	4	4	5	2	2	1	4	5	2	1	2	2	4			3	4		1	1	1
16.10.2015 17:49:42	157	2	11	0	6	3	1						1						1						1						1						1						1							2						2						2						2					1						1						1						1						1												1						1							2						2					1	3	3	3	3	3	3	3	5	3	3	5	5	5	3	5	3	5	3	5	3	1	3	3	3	5	2	3	4	3					5	24	24	24
16.10.2015 19:29:55	158	1	10	20	4	3			3					2					1						1						1								3					2						2						2						2						2					1						1						1						1							2					1						1						1							2						2					1	3	2	4	3	4	4	4	2	4	4	5	5	5	3	4	2	3	4	5	2	1	5	2	4	4	1	1	1	4	1	2	3	4		0	12	0
17.10.2015 01:08:14	159	1	7	8	2	3	1						1							2					1						1						1						1							2					1						1							2					1						1						1						1							2					1						1						1						1						1						1	3	1	2	3	4	3	3	2	3	2	2	3	4	3	4	1	5	3	1	3	1	2	2	1	5	3	5	5	3			3	4		10	10	10
17.10.2015 08:16:47	160	1	9	23	5	3		2			5	6		2			5	6		2							3					2						2					1							2						2						2						2					1						1							2					1							2					1						1						1							2						2					1	4	1	3	4	4	3	4	2	4	4	3	4	4	4	4	3	4	4	3	3	2	1	4	5	1	1	1	1	4			3			1	1	1
17.10.2015 12:20:11	161	1	10	21	4	3			3		5				3		5	6		2			5	6			3		5	6	1								3						3		5	6		2						2			5			2			5			2					1						1							2					1							2			5	6		2					1						1							2						2			5		3	4	1	2	3	5	4	5	5	4	5	4	4	5	5	3	3	4	3	4	2	4	4	2	4	1	1	1	1	5	1					1	1	1
17.10.2015 13:15:08	162	2	6	10	4	3		2							3		5	6	1						1						1						1							2							3	4	5	6		2						2						2					1						1						1						1							2						2					1						1							2						2	3	4	5	6	3	5	3	5	4	5	5	5	4	4	5	5	5	5	5	5	5	4	3	5	2	4	5	1	4	1	1	1	1	4	1	2	3	4		0	0	0
17.10.2015 14:33:05	163	2	9	20	4	1	1						1						1						1						1						1						1							2						2						2						2					1						1						1						1							2						2					1						1							2						2					1	4	3	5	4	5	3	3	3	4	3	4	4	4	4	2	3	4	2	4	2	2	3	2	5	4	3	2	2	3			3			8	8	8
17.10.2015 14:54:12	164	1	7	5	3	2	1							2					1						1						1						1						1							2					1							2						2					1						1						1						1							2					1						1						1						1							2					1	2	1	3	3	4	3	3	1	3	2	4	4	4	3	2	3	2	4	2	3	1	4	2	4	4	1	3	3	1		2		4		0	0	0
17.10.2015 15:38:16	165	1	12	25	2	3	1						1						1						1						1						1						1						1						1						1						1						1						1						1						1						1						1						1						1						1						1						1	5	3	4	4	5	1	2	2	1	5	5	4	4	3	3	3	5	5	4	3	1	4	5	2	5	5	5	5	1		2	3	4		10	6	4
17.10.2015 16:42:23	166	1	10	22	2	1	1						1						1						1						1													2						2						2						2						2					1						1						1						1							2					1												1							2						2					1	4	3	3	1	4	1	4	4	3	4	3	3	3	3	3	3	4	4	3	1	1	4	3	4	1	1	1	1	3	1	2	3	4		1	1	1
17.10.2015 18:57:19	167	1	8	12	3	4		2							3		5	6		2							3		5		1						1						1								3				1						1								3				1						1						1						1						1						1						1						1							2						2					1	4	3	3	3	4	3	3	3	3	3	4	4	3	3	4	2	4	4	2	2	2	4	2	4	2	1	1	2	3	1	2	3	4		2	2	2
17.10.2015 20:16:52	168	1	9	19	3	2			3						3					2							3				1						1						1							2						2						2						2					1						1						1						1							2					1						1						1						1							2					1	4	3	2	4	5	4	4	4	4	4	5	5	4	4	4	4	5	4	4	2	4	4	2	4	2	2	1	2	4			3			3	3	3
17.10.2015 20:35:23	169	1	11	2	2	3	1						1						1						1						1						1						1							2					1						1							2					1						1						1						1						1						1						1						1							2						2					1	2	2	2	2	5	5	3	3	3	3	4	4	4	3	1	1	5	3	1	4	1	3	4	5	4	4	1	4	3	1	2	3	4		10	10	10
17.10.2015 20:52:48	170	1	9	7	2	3		2						2						2					1						1						1						1							2					1							2						2					1						1						1						1							2						2					1						1							2						2					1	4	3	3	3	5	3	3	2	2	2	4	4	4	3	3	2	5	3	5	3	1	4	4	4	4	2	2	4	3			3	4		3	3	3
17.10.2015 22:52:42	171	1	8	8	2	2			3					2						2					1							2						2					1						1						1						1						1						1						1						1						1						1						1						1						1						1						1						1	4	1	3	4	4	4	4	2	3	4	3	4	4	4	4	4	4	4	4	2	1	4	4	2	4	3	4	2	1			3			10	10	10
18.10.2015 00:09:06	172	1	9	15	5	3	1						1						1						1						1						1							2						2						2					1							2					1						1						1						1							2					1						1						1						1						1						1	4	3	3	3	4	4	3	3	3	3	4	4	3	3	4	4	5	4	4	3	1	2	4	4	4	2	2	2	3			3			12	12	12
18.10.2015 07:55:26	173	1	7	8	2	3			3		5				3				1						1						1								3					2						2						2						2						2					1						1							2					1							2					1						1						1							2						2					1	5	1	3	4	5	4	3	2	4	2	4	5	5	4	4	4	4	2	4	1	2	2	1	4	2	1	2	1	5		2	3	4		1	1	1
18.10.2015 08:21:28	174	1	10	30	5	3			3		5	6			3		5	6		2							3		5	6		2							3					2							3					2						2							3				1							2						2					1							2						2					1						1							2						2					3	5	3	3	4	4	3	4	4	5	5	5	4	5	5	3	3	4	5	5	1	5	4	1	5	1	1	1	1	5	1			4		1	1	1
18.10.2015 09:20:56	175	1	9	15	6	3		2						2						2							3					2						2						2							3					2							3						3					2						2						2						2						2						2						2						2						2						2					1	4	4	3	3	4	4	2	2	4	2	4	4	4	4	3	3	5	3	4	2	3	4	4	4	2	2	2	2	4		2	3	4		3	3	3
18.10.2015 11:54:41	176	1	8	7	2	2			3						3					2					1						1						1						1							2					1						1							2					1						1						1						1						1						1						1						1						1							2					1	5	2	4	4	5	5	4	4	2	2	5	4	5	2	2	2	5	5	4	1	2	5	1	4	4	2	4	4	4	1	2	3	4		10	10	10
18.10.2015 14:06:33	177	1	11	34	3	2	1						1						1						1						1							2					1							2					1							2						2					1							2					1						1							2						2					1						1							2						2					1	2	3	3	3	4	3	3	3	1	2	2	2	3	3	3	3	3	3	1	3	1	4	3	1	5	4	5	5	1	1		3	4		24	24	0
18.10.2015 16:56:12	178	1	5	2	2	3			3		5	6			3					2					1						1						1						1							2						2					1							2					1						1						1						1						1						1						1						1						1							2					1	4	2	2	4	5	5	4	4	4	4	5	4	5	4	2	2	5	5	5	2	2	4	4	4	1	1	2	1	5		2	3	4		3	0	3
18.10.2015 20:45:00	179	1	8	16	2	3		2						2						2					1						1						1								3					2					1							2						2					1						1							2					1						1						1						1						1						1						1						1	4	2	2	3	5	3	3	3	2	2	4	4	4	4	3	3	3	2	1	4	2	1	2	4	1	2	1	2	4			3			10	10	10
18.10.2015 22:56:36	180	1	12	5	4	3		2						2						2						2																								2						2						2						2																														2						2																		2						2					1	4	3	3	3	4	4	2	3	3	2	4	4	4	3	3	1	4	4	3	1	1	4	2	4	3	3	2	2	4				4		9	9	9
18.10.2015 22:48:32	181	1	11	34	4	2	1						1						1						1						1							2					1							2					1							2						2					1						1						1						1							2					1						1						1							2						2					1	3	3	2	3	2	3	3	1	1	2	2	1	3	3	4	4	4	4	1	3	1	2	4	2	5	4	5	5	2	1		3	4		12	12	0
19.10.2015 07:02:59	182	1	10	28	2	3	1						1						1						1						1						1							2						2						2						2						2					1						1						1						1							2					1						1						1							2					1						1	4	3	4	5	5	5	4	4	3	3	4	4	4	3	4	4	5	5	4	1	1	4	2	5	4	2	4	4	4				4		12	12	24
19.10.2015 08:37:22	183	1	9	20	3	2	1						1						1						1						1						1						1							2					1						1							2					1						1						1						1						1						1						1						1						1							2					1	3	3	3	3	4	3	3	3	3	3	4	3	3	3	1	1	3	4	4	2	1	5	2	4	4	2	2	4	4		2	3	4		3	3	3
19.10.2015 09:53:45	184	1	10	8	4	1																																																																																																																															1	3	2	3	4	4	4	5	3	3	3	3	4	4	3	3	4	5	3	4	3	1	4	4	5	2	1	1	1	4		2	3	4		36	24	12
19.10.2015 10:22:01	185	1	8	15	3	3			3						3					2							3					2					1								3					2						2						2						2					1						1							2					1	2						2					1						1						1							2						2					1	4	3	3	3	5	4	4	4	4	4	5	4	4	3	3	3	5	5	5	2	4	5	5	5	1	1	1	1	3		2	3	4		10	1	10
19.10.2015 12:06:01	186	1	6	4	6	3		2																																										2																																																																																			1	5	3	3	5	5	5	2	4	3	2	5	5	4	3	3	3	5	3	3	1	1	2	1	5	2	2	1	1	3			3	4		24	24	24
19.10.2015 12:46:58	187	1	7	8	4	2	1						1						1						1						1						1						1							2					1							2						2					1						1						1						1							2					1						1						1						1							2					1	4	1	1	3	5	5	3	4	3	4	4	4	3	3	2	2	4	3	3	2	5	1	4	2	2	4	2	2	4	1	2	3	4		12	12	12
19.10.2015 13:14:10	188	1	8	10	3	2		2						2					1						1						1						1						1								3					2						2							3				1							2					1						1							2					1						1						1							2							3		5	6	2	3	3	3	3	3	5	5	5	5	5	3	4	5	5	3	5	3	3	5	2	5	3	1	5	1	1	1	1	3	1	2	3	4		3	3	3
19.10.2015 13:26:00	189	1	6	6	4	4																																												2												2						2																														2																															3		5		1	4	3	3	3	4	5	4	5	3	3	3	4	4	4	3	3	3	3	3	2	2	1	3	3	4	1	1	2	2	1		3	4		3	1	3
19.10.2015 14:36:08	190	1	7	14	4	2	1						1						1							2					1						1						1							2					1							2						2					1						1						1						1							2					1						1						1							2						2					1	1	1	1	1	3	3	2	1	1	1	1	1	1	1	1	3	4	3	3	5	1	3	5	2	4	4	5	5	1				4		60	60	60
19.10.2015 14:40:58	191	1	6	7	3	3	1							2						2							3				1						1						1							2						2						2						2					1						1						1						1						1						1						1						1						1							2					1	4	3	2	2	5	3	4	2	2	4	4	4	4	4	3	3	4	2	1	2	1	2	4	4	2	1	1	4	4		2	3	4		10	10	10
19.10.2015 15:17:43	192	1	7	7	2	3					5			2					1										5		1						1							2						2					1							2						2					1						1							2					1							2					1						1						1						1							2					1	3	1	3	3	3	4	3	2	3	3	4	4	4	3	3	1	4	3	4	3	2	3	4	4	3	2	1	1	3			3	4		10	2	10
19.10.2015 15:21:53	193	1	6	4	4	3	1						1						1						1						1						1						1						1						1						1						1						1						1						1						1						1						1						1						1						1						1						2	3	2	2	2	5	3	4	4	4	4	4	4	4	5	2	1	4	4	4	3	2	2	4	3	1	1	1	2	5	1	2	3	4		99	4	22
19.10.2015 16:14:53	194	1	6	5	2	3		2																														2												2						2						2						2																								2																																				2					1	4	2	3	2	4	4	5	3	3	3	4	4	3	3	3	3	4	4	4	3	1	4	4	4	4	2	4	4	4		2		4		9	9	9
19.10.2015 16:53:10	195	1	10	20	4	3		2						2						2						2					1							2					1							2					1							2						2					1						1						1						1							2					1						1						1							2							3				1	3	2	3	2	4	3	4	4	3	3	4	3	4	3	3	3	3	3	4	1	2	3	1	5	2	1	2	1	4	1		3	4		36	24	24
19.10.2015 17:25:52	196	1	10	3	4	3	1						1							2					1						1						1						1							2					1							2						2					1						1						1						1							2						2					1						1							2						2					1	4	3	3	4	5	5	4	4	3	3	4	4	3	3	3	3	4	4	3	2	2	4	4	4	2	1	2	4	2			3	4		14	14	14
19.10.2015 18:09:20	197	1	9	10	2	3	1						1						1						1						1						1						1							2					1							2						2					1						1						1						1						1						1						1						1							2						2					1	5	1	1	3	5	4	4	3	3	3	2	4	3	3	2	2	4	1	2	2	1	1	3	4	2	1	1	2	4	1		3			10	10	10
19.10.2015 18:09:23	198	1	9	23	3	3		2							3					2							3				1						1						1							2					1							2						2					1						1						1						1							2					1						1						1						1							2					1	3	3	3	4	4	3	4	3	2	2	4	4	3	3	4	3	3	3	4	3	2	3	3	4	4	2	3	3	4				4		3	3	4
19.10.2015 18:58:36	199	1	9	23	2	3	1						1						1						1						1						1						1						1						1						1						1						1						1						1						1						1						1						1						1						1						1						1	4	2	4	3	4	4	5	4	4	4	4	4	4	4	1	1	5	3	1	2	1	2	2	5	2	1	1	1	4		2	3	4		5	5	5
19.10.2015 19:11:32	200	2	12	34	4	3		2							3		5	6			3	4					3				1						1								3						3		5				3					2							3		5		1							2						2					1							2						2					1																				3	4	5	6	2	2	2	3	3	4	1	4	3	2	2	4	4	4	4	4	4	4	4	4	2	4	1	2	4	2	1	1	2	3	1	2	3	4		1	1	1
19.10.2015 19:44:24	201	1	6	10	4	3									3																																																																																																																						1	4	3	3	1	4	1	4	4	3	3	2	4	4	3	1	2	3	4	2	3	1	1	5	4	2	1	2	2	4		2				36	12	24
19.10.2015 20:02:27	202	1	6	8	3	2	1						1						1						1						1						1						1							2					1						1						1						1						1						1						1						1						1						1						1						1							2					1	3	3	3	2	4	3	4	2	3	3	3	4	3	3	3	3	4	4	1	3	1	4	4	4	4	2	1	5	4				4		3	3	3
19.10.2015 20:08:46	203	1	10	25	3	3		2						2						2					1						1						1							2						2					1						1							2					1						1							2					1							2					1						1							2						2						2					1	5	1	2	3	4	4	4	4	4	4	4	4	5	3	4	3	5	5	5	1	2	5	2	5	3	1	1	1	4				4		4	10	4
19.10.2015 21:01:24	204	1	5	2	2	2	1						1						1						1						1						1						1							2					1						1							2						2					1							2					1						1						1						1						1						1							2					1	4	3	2	2	4	5	3	3	3	3	2	4	3	3	2	1	5	3	5	1	1	1	4	4	4	1	1	4	3			3	4		1	0	1
19.10.2015 21:27:40	205	1	11	12	4	3	1						1						1						1						1						1						1							2						2						2			5			2			5		1							2					1						1										5	6					5	6																	5	6		2			5		3	4	4	3	3	5	3	4	5	4	5	4	4	5	5	4	4	5	3	4	1	2	5	2	4	1	1	1	1	4	1	2	3			12	6	12
19.10.2015 21:35:13	206	1	6	5	3	3		2							3				1							2					1						1						1							2						2						2						2					1						1						1						1						1						1						1						1						1							2					1	2	1	2	1	5	5	5	3	2	3	4	2	4	3	4	1	3	2	4	4	1	1	4	4	4	1	2	1	4			3	4		4	4	4
19.10.2015 21:42:29	207	1	6	5	4	2	1						1						1						1						1						1						1						1						1						1						1						1						1						1						1						1						1						1						1						1						1						1	5	3	3	3	4	4	4	3	3	3	4	3	3	3	2	4	3	4	3	3	1	4	2	4	4	2	1	2	4		2	3	4		12	12	12
19.10.2015 21:58:34	208	1	9	4	4	2	1							2					1						1						1						1							2						2						2						2						2					1							2					1						1							2					1						1						1							2						2					2	3	3	3	3	3	5	4	3	3	3	2	3	3	3	3	3	3	4	4	3	2	4	5	4	4	1	4	4	3			3			0	12	12
19.10.2015 22:04:42	209	1	6	7	3	3		2						2						2						2					1						1						1							2					1						1							2					1						1						1						1							2					1						1						1						1							2					1	4	1	3	3	5	5	1	1	2	2	3	4	3	3	1	1	5	5	4	3	1	4	2	2	4	4	4	4	1	1		3	4		10	3	12
20.10.2015 07:13:51	210	2	5	2	4	3	1						1						1						1							2					1						1							2						2						2						2					1							2					1						1							2					1						1						1						1							2					1	5	4	4	3	5	5	5	3	3	3	4	5	3	3	4	4	5	5	5	4	1	5	2	5	5	1	1	2	4	1		3	4		10	10	10
20.10.2015 09:46:07	211	1	7	15	3	3		2			5	6		2			5	6	1							2					1						1						1							2					1						1						1						1						1						1						1							2					1						1						1						1							2					1	4	3	4	4	5	4	4	4	4	4	4	5	5	4	3	4	4	4	4	2	4	3	1	5	1	1	1	1	5	1		3	4		1	1	1
20.10.2015 09:54:10	212	2	8	15	4	2		2						2						2						2						2					1							2						2						2						2						2					1							2					1						1							2						2					1						1							2						2	3			6	1	4	3	3	3	5	4	5	3	4	4	5	4	3	3	3	3	5	4	4	3	3	4	1	2	1	1	1	1	4	1	2	3	4		10	2	10
20.10.2015 14:36:50	213	2	8	15	4	3	1						1						1						1						1						1						1						1						1						1							2					1						1							2					1							2					1						1						1						1							2					1	4	4	2	3	4	3	4	3	2	3	3	4	3	3	3	3	4	4	3	1	1	3	4	2	3	1	4	1	4			3	4		12	12	12
20.10.2015 16:07:38	214	2	10	15	4	3	1						1						1						1						1						1							2						2	3	4	5			2						2						2						2						2						2					1							2						2					1						1							2							3	4	5	6	1	4	3	3	4	4	3	4	4	4	4	5	4	4	3	4	4	4	4	5	1	3	5	2	5	1	1	1	1	4	1					10	10	10
20.10.2015 16:24:17	215	1	11	34	2	3	1						1						1						1						1						1						1							2					1						1							2					1						1						1						1						1						1						1						1							2						2					1	4	3	4	4	5	3	3	3	2	1	4	4	3	3	3	3	4	4	3	3	1	4	4	4	4	4	4	4	3			3	4		3	5	3
20.10.2015 16:28:42	216	1	9	18	4	3		2						2					1								3		5	6	1						1						1							2					1							2						2					1						1						1						1							2						2					1						1							2							3				1	3	3	3	4	4	3	4	2	2	2	4	3	3	2	3	3	3	4	4	3	2	3	4	2	4	1	4	4	2			3			4	12	12
20.10.2015 16:26:47	217	1	8	15	2	3		2						2						2					1						1						1								3					2					1							2					1						1						1							2					1						1						1						1						1						1							2					1	4	1	3	3	5	4	4	3	3	3	5	4	5	4	3	3	4	4	1	2	2	3	1	4	1	1	1	3	3			3			10	10	10
20.10.2015 16:46:45	218	1	9	23	2	2	1						1						1						1						1						1						1							2					1						1							2					1						1						1						1						1						1						1						1						1							2					1	4	2	1	3	4	3	4	2	3	2	3	2	3	3	3	3	1	4	1	3	1	4	4	4	3	1	2	2	1			3	4		2	2	2
21.10.2015 10:15:52	219	1	10	10	5	3		2			5	6		2			5	6								2																								2						2												2																																																												2					1	4	3	3	3	4	4	3	2	3	4	4	4	3	3	3	3	4	2	4	2	2	2	4	2	4	4	4	4	4			3			1	1	1
20.10.2015 16:52:49	220	1	11	30	3	3	1						1						1							2					1						1								3					2					1						1							2					1						1							2					1							2					1						1						1						1							2					1	4	3	4	3	4	1	3	3	3	4	4	4	3	3	3	1	4	4	4	1	2	4	1	4	4	1	1	1	4	1		3			1	1	1
20.10.2015 16:53:38	221	1	8	15	3	3			3						3		5		1							2					1								3					2						2					1							2						2					1						1						1						1							2					1						1						1						1							2					1	3	3	3	3	4	4	4	4	3	4	3	3	3	3	3	3	4	1	4	2	3	2	2	3	2	1	3	2	4			3			1	1	1
20.10.2015 16:56:26	222	1	10	27	2	3	1						1				5	6																																																																																																																			1	4	3	3	3	5	5	3	5	3	4	4	5	3	3	3	3	5	3	5	1	1	3	4	5	1	1	1	4	5	1					6	6	6
20.10.2015 16:57:56	223	1	5	5	2	3					5				3				1							2					1								3					2						2					1							2						2					1						1						1						1						1						1						1						1						1							2					1	4	2	4	4	4	4	2	4	4	4	4	4	4	4	4	4	4	2	3	2	2	2	2	5	3	1	2	1	4	1		3			1	1	1
20.10.2015 17:00:50	224	1	9	21	3	3			3						3					2							3					2							3				1							2					1						1							2					1						1						1						1						1						1						1						1						1							2					1	2	3	2	3	4	3	3	2	3	2	1	1	2	1	4	4	5	1	2	4	1	1	4	5	4	2	5	3	3		2		4		7	7	7
20.10.2015 17:02:15	225	1	9	15	3	2	1						1						1								3				1						1						1							2					1							2						2					1							2					1						1							2						2					1						1							2						2					1	4	4	4	4	4	4	4	3	3	3	4	4	4	4	4	4	4	4	4	2	2	4	2	4	2	2	2	2	4		2		4		2	2	2
20.10.2015 17:07:49	226	1	9	26	2	3	1						1						1						1						1						1							2						2					1						1						1						1						1						1						1						1						1						1						1						1							2					1	3	2	3	4	4	3	2	3	2	2	4	4	4	4	3	3	5	4	2	2	1	4	4	4	4	2	2	4	4		2	3	4		3	2	10
20.10.2015 17:08:58	227	1	9	30	4	3		2							3					2						2					1						1						1							2						2						2						2					1						1							2					1							2					1						1													2							3				3	4	1	3	2	4	3	3	3	3	2	4	4	3	3	3	3	4	3	1	2	1	1	3	2	1	1	4	4	2			3	4		24	24	24
20.10.2015 17:07:33	228	1	7	6	3	3	1						1						1						1						1						1						1							2					1						1							2					1						1						1						1						1						1						1						1						1							2					1	4	3	3	2	4	4	3	2	2	3	3	3	3	3	2	3	3	3	3	2	1	4	4	4	4	3	4	4	1			3	4		10	10	10
20.10.2015 18:11:38	229	1	5	1	4	2		2						2					1						1						1						1							2						2								4					3						3				1							2					1						1							2						2					1							2						2							3				3	5	4	3	3	4	4	5	5	3	3	4	4	5	5	3	3	4	4	4	2	5	4	2	4	1	1	2	1	4	1	2	3	4		10	10	10
20.10.2015 17:11:27	230	1	11	25	3	3			3		5				3		5			2							3				1						1						1							2							3				1							2					1						1						1						1							2					1						1						1							2						2					1	4	1	1	1	5	2	3	3	4	4	4	4	5	3	3	3	3	3	5	5	3	2	2	4	2	1	5	1	4		2	3			6	2	4
20.10.2015 17:16:52	231	1	9	3	3	2		2			5	6		2	3		5	6		2						2	3		5	6		2						2					1							2						2	3					2						2					1						1							2						2						2					1						1						1							2						2					1	4	2	2	3	4	3	4	4	4	4	4	4	5	5	4	3	4	4	5	2	3	4	2	4	1	1	1	1	4	1	2	3	4		0	0	0
20.10.2015 17:16:44	232	2	6	7	4	2		2						2					1							2					1						1						1							2						2						2						2					1						1							2					1							2					1						1						1							2							3				1	4	3	3	4	5	3	4	4	4	4	4	4	4	4	4	3	4	4	4	2	2	4	3	4	2	1	2	1	4			3			11	6	11
20.10.2015 17:21:22	233	2	6	7	4	4						6						6					5							6	1								3						3						3					2						2							3				1						1							2					1							2					1						1						1							2										6	1	5	3	3	4	5	5	3	3	4	3	5	4	5	5	3	3	5	3	2	2	3	1	2	4	3	1	2	2	5	1		3			0	0	0
20.10.2015 17:23:26	234	2	6	2	5	3		2						2					1							2						2					1								3						3					2							3					2					1						1						1						1							2						2					1								3						3							4			2	4	1	1	1	5	5	2	2	4	4	2	4	4	3	3	3	4	2	2	4	2	2	3	4	1	1	4	2	3	1	2	3	4		10	1	10
20.10.2015 17:33:56	235	1	6	5	4	1		2							3					2						2						2					1						1							2						2						2						2					1						1						1						1						1						1						1						1						1							2					1	4	4	4	4	5	3	5	3	3	4	4	4	4	4	2	3	3	4	5	3	2	5	2	5	3	2	2	2	4	1		3	4		10	6	10
20.10.2015 17:36:08	236	1	7	10	3	3		2						2					1						1						1							2					1							2					1							2						2					1						1						1						1						1						1						1						1							2						2	3				1	3	3	3	3	5	4	3	3	2	3	3	4	3	3	1	1	5	3	2	2	2	3	3	4	4	3	2	4	4		2	3	4		3	3	3
20.10.2015 17:57:39	237	1	9	24	5	2		2							3					2							3					2					1							2						2					1						1							2					1						1						1						1							2					1						1						1							2						2					1	5	3	3	4	5	4	3	3	4	4	5	5	5	5	3	2	5	4	5	1	4	5	2	5	1	1	1	1	5	1	2	3	4		1	1	1
20.10.2015 17:58:38	238		7	11	3	2																																												2												2						2																																																												2					1	3	2	2	2	5	3	4	3	3	4	4	4	3	3	3	3	5	4	2	2	2	3	2	4	2	1	2	3	4	1		3	4		1	1	1
20.10.2015 18:01:31	239	1	12	20	3	3	1								3				1						1						1						1								3					2					1						1							2					1						1						1						1							2						2					1						1							2						2					1	5	3	4	4	5	4	3	3	2	2	5	4	4	4	4	4	4	5	5	2	3	3	2	5	1	2	1	2	5			3	4		6	6	6
20.10.2015 18:08:25	240	1	9	5	2	2		2			5			2					1						1						1						1							2						2					1						1							2					1						1						1						1							2					1						1						1						1							2					1	4	3	2	2	4	1	3	2	2	4	5	4	5	4	1	1	4	5	4	1	1	5	4	4	2	4	1	4	3			3	4		1	1	1
20.10.2015 18:05:05	241	1	6	8	2	3		2						2					1						1						1						1						1							2					1							2						2					1						1						1						1						1						1						1						1						1							2					1	5	3	3	4	5	5	4	4	3	4	5	4	4	4	3	3	5	3	5	2	3	4	1	4	1	2	3	2	4	1	2	3	4		2	1	2
20.10.2015 18:10:26	242	1	7	11	3	3		2						2					1						1						1						1						1						1						1						1						1						1						1						1												1						1						1						1						1						1						1	3	3	3	3	3	3	3	3	3	2	3	3	3	3	3	3	4	3	2	3	1	3	5	5	4	2	4	4	3			3	4		24	12	24
20.10.2015 18:14:37	243	1	7	13	3	3					5							6		2										6						6		2						2						2						2						2						2						2						2						2					1						1						1						1						1							2						2					1	5	4	3	4	5	1	5	4	5	4	5	5	5	4	2	2	5	1	5	1	4	2	1	4	4	1	3	1	5	1					0	0	0
20.10.2015 18:18:36	244	1	8	17	4	2			3						3		5	6		2						2					1							2						2						2							3		5			2						2					1							2					1						1							2			5		1						1						1							2			5				3		5	6	2	4	2	3	3	4	3	3	4	2	4	4	4	4	4	3	3	3	4	4	1	4	4	4	4	2	1	2	2	4	1					1	1	1
20.10.2015 18:17:09	245	1	5	1	4	3	1						1						1						1						1						1						1							2							3					2						2					1						1						1						1						1						1						1						1						1							2					1	5	1	2	4	5	4	2	4	3	3	5	4	5	5	1	3	5	1	5	4	2	3	1	5	1	1	1	1	3	1					2	2	2
20.10.2015 18:17:29	246	1	8	11	4	3	1						1						1							2					1						1						1							2					1							2						2					1						1						1													2					1						1						1							2						2					1	3	1	2	2	4	4	3	3	3	3	2	2	3	3	2	3	4	2	4	3	2	3	4	3	4	2	2	4	2				4		24	24	24
20.10.2015 18:44:41	247	1	10	10	3	3	1						1						1							2					1						1						1							2					1						1							2					1						1							2					1						1						1						1						1						1						1						1	4	1	3	3	4	3	3	1	3	2	2	3	3	3	2	1	3	2	2	3	1	1	5	4	3	1	2	3	3			3	4		12	6	1
20.10.2015 18:53:33	248	1	9	21	3	3					5	6					5	6	1								3		5	6		2					1							2						2					1						1							2					1						1							2					1							2					1						1						1						1							2					1	5	4	5	5	5	4	4	5	5	5	5	5	5	5	3	3	5	4	4	1	4	1	1	5	1	1	1	1	4	1					0	0	0
20.10.2015 18:53:04	249	1	10	21	3	2	1						1						1						1						1						1							2					1						1						1						1						1						1						1						1						1						1						1						1						1						1						1	3	3	3	3	4	3	3	3	3	3	3	3	3	3	3	3	4	4	4	3	1	4	3	4	4	4	4	4	3				4		4	4	4
20.10.2015 18:59:41	250	1	6	2	3	3	1						1						1						1						1						1							2						2						2						2						2					1						1						1						1							2					1						1						1						1							2					1	5	1	4	3	5	5	4	4	4	4	5	4	4	4	4	3	5	4	3	3	1	3	4	5	1	1	1	1	5				4		4	4	4
20.10.2015 19:01:31	251	2	6	0	6	3		2						2					1							2					1						1							2						2						2						2						2					1						1							2					1							2					1						1							2						2							3				1	4	3	3	3	5	4	4	3	3	4	4	4	4	3	3	4	5	3	3	2	2	3	1	5	1	1	1	1	5	1		3			14	14	14
20.10.2015 19:02:55	252	1	7	7	2	3																																																																																																																															1	3	3	3	3	5	4	3	1	3	3	3	3	3	3	1	1	3	5	2	1	1	5	2	2	4	4	3	5	3		2	3	4		12	2	12
20.10.2015 19:22:56	253	1	5	3	3	3			3						3								5		1								3				1										5				3					2						2							3				1						1						1						1							2						2					1								3		5				3					2					2	3	3	3	3	3	4	4	2	3	4	4	4	3	3	4	4	4	4	4	2	2	2	2	4	2	2	3	2	4	1					1	0	1
20.10.2015 19:19:09	254	1	5	1	2	3	1						1						1						1						1						1						1						1						1						1							2					1						1						1						1						1						1						1						1						1							2					1	3	1	3	2	3	2	2	2	2	2	3	2	4	3	1	1	5	3	3	3	1	3	5	4	3	2	4	4	1		2	3	4		12	12	10
20.10.2015 19:24:00	255	2	5	1	4	3	1							2					1						1							2					1							2	3		5			2							3					2						2					1						1						1						1							2					1						1						1							2						2					1	2	2	2	2	4	4	4	4	2	4	4	4	4	4	3	2	4	3	2	2	2	4	2	2	4	1	2	1	4	1		3			0	0	0
20.10.2015 19:29:01	256	1	9	20	3	3	1							2					1						1						1						1						1							2					1						1						1						1						1						1						1						1																																				1	3	1	1	3	4	3	3	3	1	1	3	4	4	3	1	1	3	4	4	3	1	4	4	4	4	1	4	4	3			3	4		2	2	2
20.10.2015 19:30:29	257	2	10	3	4	2								2							3						3				1						1						1							2						2						2							3				1							2						2					1										5			2					1						1										5			2					3	4	3	3	4	5	4	4	5	5	5	5	4	5	5	5	3	4	3	3	3	4	5	2	3	1	1	1	1	5	1		3			0	0	0
20.10.2015 19:33:45	258	1	5	4	5	3		2						2					1						1						1						1						1							2					1						1							2					1						1						1						1						1						1						1						1						1							2					1	4	3	2	2	5	4	3	3	3	3	3	4	3	3	3	3	3	2	2	3	1	2	4	2	4	4	2	4	5	1			4		2	1	3
20.10.2015 19:35:36	259	1	9	5	4	3		2							3						3					2					1							2							3						3					2						2						2					1						1							2					1										5	6		2					1						1							2						2					3	5	3	3	3	5	4	4	4	4	4	5	5	5	4	3	3	5	4	3	2	4	2	1	4	1	1	1	1	5	1		3	4		3	0	3
20.10.2015 19:37:14	260	2	7	9	4	2	1						1						1						1						1						1						1							2						2						2						2					1						1						1						1							2					1						1						1							2						2					1	1	3	3	3	3	4	3	3	3	3	3	3	3	3	3	3	4	4	3	3	3	3	4	5	3	1	3	3	2			3			0	0	0
20.10.2015 19:57:20	261	1	11	12	3	3			3		5						5										3		5				3		5			2						2						2					1						1							2					1						1						1						1							2					1						1						1							2						2					1	3	3	3	3	4	4	4	2	2	4	5	3	4	1	3	3	4	4	4	3	4	3	1	2	1	1	1	1	2	1		3	4		1	1	1
20.10.2015 19:57:28	262	1	9	10	2	3		2									5			2					1						1						1						1							2					1						1							2					1						1						1						1						1						1						1						1						1							2					1	3	3	3	3	4	3	3	2	3	2	3	3	4	3	3	3	3	3	4	3	1	5	4	4	4	3	5	4	3		2	3	4		12	12	12
20.10.2015 20:22:24	263	1	5	1	3	3		2						2	3					2							3		5	6		2						2						2						2						2						2						2					1						1						1						1						1						1						1						1						1							2	3		5		1	3	2	3	3	3	3	4	5	5	5	5	5	5	5	2	3	4	3	4	2	4	3	2	4	1	2	1	1	4	1		3			0	0	0
20.10.2015 20:35:40	264	1	7	7	3	2		2						2					1						1						1						1							2						2					1							2						2					1						1							2					1							2					1						1						1							2							3				2	5	3	3	4	5	3	4	5	3	4	4	4	3	4	5	3	4	2	5	1	4	3	2	5	1	1	1	1	4	1					1	2	1
20.10.2015 20:36:52	265	1	6	6	4	3		2							3		5			2			5				3		5			2												2						2						2						2							3		5									2																		2																								2							3		5		1	5	4	1	4	4	5	5	4	5	5	4	4	5	5	5	5	4	4	5	1	5	4	4	4	1	1	1	1	4	1		3	4		1	1	1
20.10.2015 20:41:18	266	1	8	18	3	2	1						1						1						1						1						1						1							2					1						1							2					1						1						1						1						1						1						1						1						1						1						1	4	1	3	4	5	4	3	2	2	2	4	3	3	3	4	3	5	5	4	2	1	4	4	4	4	4	2	2	1			3	4		10	10	10
20.10.2015 20:42:53	267	2	10	30	3	3			3		5						5			2									5			2						2									5			2						2						2						2						2						2						2						2							3					2					1						1							2									5		2	4	3	3	3	4	4	3	3	3	3	4	4	4	4	3	3	3	4	5	2	2	2	2	5	2	1	2	2	4			3			1	1	1
20.10.2015 20:52:12	268	1	7	10	2	2		2						2					1							2					1						1						1							2					1							2						2					1						1						1						1							2					1						1						1							2						2					1	3	2	2	3	4	3	3	2	2	4	3	4	4	4	3	3	5	5	2	3	1	4	4	4	4	2	2	4	3		2	3	4		3	3	3
20.10.2015 21:00:30	269	2	11	34	3	3	1						1						1						1						1						1							2						2					1						1							2					1						1							2					1							2					1												1							2					1						1	3	3	3	3	3	1	3	3	3	3	2	3	3	3	2	3	4	2	4	3	2	2	4	5	1	1	1	1	4	1		3			4	4	4
20.10.2015 20:54:05	270	1	9	15	2	3		2						2					1							2					1						1						1							2					1							2						2					1							2					1						1						1						1						1						1							2							3				1	4	3	3	3	4	3	3	3	3	2	3	4	3	3	3	3	3	4	3	3	1	4	4	4	4	2	4	4	2		2	3	4		5	5	6
20.10.2015 20:55:37	271	2	10	28	3	1																																							3		5			2												2						2																														2																								2						2					2	4	3	3	3	4	3	4	3	4	4	5	4	4	4	3	3	4	4	4	2	4	4	1	4	1	1	1	1	3	1					0	0	0
20.10.2015 21:04:20	272	1	9	14	4	3	1						1						1						1						1						1						1								3				1							2						2					1						1						1						1						1						1						1						1						1										5	6	3	4	1	2	3	5	4	2	2	3	2	3	4	3	4	3	3	5	3	2	3	1	3	5	5	4	2	4	2	2		2	3	4		21	21	21
20.10.2015 21:04:08	273	1	10	26	4	3		2						2						2					1							2					1						1							2					1						1						1						1						1						1						1							2						2					1						1							2					1						3	3	2	2	2	3	2	3	2	1	2	4	4	2	1	1	1	4	4	2	3	1	4	4	4	5	1	4	4	1			3			20	15	20
20.10.2015 21:15:38	274	1	5	3	3	4		2						2					1						1						1							2						2						2						2					1							2					1						1						1						1						1						1						1						1						1							2					1	3	1	2	2	4	3	3	3	3	4	3	4	3	4	3	3	4	4	2	2	2	4	2	5	2	2	2	4	5	1	2	3	4		3	3	3
20.10.2015 21:25:10	275	1	12	25	3	3						6			3					2						2					1						1								3					2						2					1							2					1						1						1						1							2						2					1						1							2						2					1	4	3	5	5	5	4	4	3	4	3	5	5	4	4	3	3	4	5	5	3	2	4	2	5	2	2	2	2	4	1		3	4		1	1	1
20.10.2015 21:26:36	276	1	5	1	5	3		2						2					1							2					1						1						1							2						2						2						2					1						1						1						1							2						2					1						1							2							3				1	2	1	2	2	4	4	3	2	3	3	3	3	3	3	3	1	5	4	2	4	1	4	2	4	1	1	2	3	2				4		24	12	36
20.10.2015 21:42:52	277	2	10	27	3	3		2							3					2					1						1						1						1							2							3					2						2					1									4			1						1							2					1						1						1							2						2					2	4	3	3	4	4	3	3	4	4	4	4	4	3	3	3	3	4	4	3	2	4	4	2	2	2	1	1	2	4	1		3	4		1	1	1
20.10.2015 21:45:57	278	1	9	20	3	3		2						2						2						2					1						1						1							2					1							2						2					1						1						1						1						1						1						1						1						1							2					1	5	3	3	4	5	4	4	3	2	3	5	4	3	3	2	3	5	2	1	2	2	3	1	4	4	2	2	2	2			3			10	6	10
20.10.2015 21:43:28	279	1	8	7	2	3			3		5			2					1						1							2					1						1							2					1						1							2					1						1							2					1						1						1						1						1						1							2					1	4	2	2	3	4	3	3	3	3	2	3	4	3	3	3	2	4	4	3	2	2	4	3	2	4	2	4	3	2				4		4	4	4
20.10.2015 21:49:42	280	1	6	6	2	3			3		5				3		5			2							3		5			2					1						1							2					1						1							2					1						1						1						1						1						1						1						1						1							2					1	5	4	4	4	5	5	4	4	2	2	5	4	4	4	4	3	5	2	5	1	1	1	2	4	2	2	2	2	4	1		3			0	0	0
20.10.2015 21:55:04	281	1	6	3	5	3		2						2						2						2					1						1							2						2					1							2						2					1						1						1						1						1						1						1						1						1							2					1	4	3	3	4	5	4	4	4	3	4	5	4	3	3	4	4	4	4	2	2	1	3	2	4	2	1	2	2	4	1	2	3	4		10	3	10
20.10.2015 21:54:27	282	2	8	15	4	2	1						1						1								3				1						1							2						2							3						3					2					1						1							2					1							2						2					1						1	2						2								4			2	4	4	2	4	5	3	3	4	4	4	4	4	4	4	3	3	4	4	4	3	4	4	2	4	2	1	2	2	4	1		3			1	1	1
20.10.2015 21:55:32	283	1	8	10	4	3		2							3		5	6		2			5	6			3		5	6		2						2						2						2						2	3		5			2						2			5			2			5									2												2						2																		2						2	3		5		2	3	3	3	3	4	3	4	4	4	4	3	4	4	4	3	3	4	2	4	2	4	3	2	4	3	1	1	1	4			3			0	0	0
20.10.2015 22:01:26	284	2	7	12	3	3		2							3						3				1						1							2							3						3				1							2						2						2						2					1						1							2					1						1						1						1							2					2	5	4	4	5	5	4	3	4	4	4	5	5	5	5	4	4	5	5	5	1	3	5	1	5	1	1	1	1	5	1					2	2	2
20.10.2015 22:09:27	285	1	10	10	4	3		2						2							3																													2												2						2												2																																										2						2					1	2	3	3	4	4	4	3	2	3	2	4	3	3	3	2	3	3	3	2	2	1	2	2	5	2	1	2	3	2			3	4		20	15	15
20.10.2015 22:16:23	286	1	7	1	5	3	1						1						1						1						1						1						1							2						2						2						2					1						1						1						1						1						1						1						1							2							3				1	3	3	3	3	5	4	4	4	4	5	4	5	5	4	3	3	5	3	3	1	1	3	2	5	1	1	1	2	2	1					10	10	10
20.10.2015 22:21:38	287	1	11	30	3	2	1						1							2						2					1						1							2					1						1						1							2					1						1						1						1						1						1						1						1						1						1						1	5	3	3	4	4	5	3	2	3	2	5	4	4	3	4	5	5	5	4	3	1	2	3	4	3	2	4	4	3				4		2	2	2
20.10.2015 22:18:35	288	1	9	20	4	3	1						1						1						1						1						1						1							2					1						1							2					1						1						1						1						1						1						1						1						1								3				1	2	3	4	4	4	4	4	4	3	4	4	3	4	4	3	3	4	2	1	4	3	2	4	5	1	1	1	3	4	1		3			12	12	12
20.10.2015 22:27:20	289	1	10	22	4	3	1						1						1						1							2					1							2						2					1							2						2					1						1							2					1							2						2					1						1							2						2					1	2	2	2	2	4	2	3	3	3	4	4	2	2	4	1	1	4	3	3	2	3	5	4	4	2	1	1	4	2	1	2	3	4		6	6	6
20.10.2015 22:24:08	290	2	8	7	3	1	1						1						1						1						1						1						1							2					1							2						2					1						1						1						1							2						2					1						1							2						2					1	3	3	3	3	4	5	4	3	3	2	4	4	3	3	4	3	3	5	4	3	1	3	2	4	4	4	4	4	4				4		10	10	10
20.10.2015 22:33:18	291	1	7	4	5	4	1						1						1						1						1						1						1						1						1						1							2					1						1						1						1						1						1						1						1						1							2					1	3	3	3	4	4	4	3	3	3	3	3	3	3	3	3	3	4	3	4	3	1	4	4	4	2	2	4	4	4		2	3	4		10	10	10
20.10.2015 22:48:33	292	1	8	12	3	3			3						3				1							2					1							2					1							2					1						1							2					1						1						1						1						1						1						1						1						1							2					1	3	3	3	3	4	3	3	3	2	2	5	3	4	3	3	1	4	3	3	3	1	1	3	5	4	1	4	2	3				4		12	12	12
20.10.2015 22:55:13	293	1	9	24	3	3		2						2						2					1						1						1						1							2					1							2						2					1						1						1						1							2					1						1						1						1							2					1	4	2	2	2	4	2	4	2	4	4	4	4	4	4	4	4	4	5	5	2	2	2	4	4	2	1	2	2	4			3	4		10	10	10
20.10.2015 23:10:10	294	1	8	12	3	2		2						2					1						1						1						1							2						2						2					1							2					1						1						1						1						1						1						1						1						1							2					1	5	3	4	4	5	5	5	3	3	4	5	5	5	3	5	4	5	5	4	2	1	4	2	5	4	5	4	4	5				4		5	5	6
20.10.2015 23:10:31	295	2	6	5	4	3		2						2							3				1						1						1							2						2						2						2						2					1						1						1						1							2					1						1						1							2						2					1	3	1	1	1	5	3	3	3	3	3	4	3	3	3	1	1	3	5	4	1	1	5	4	2	1	1	1	2	4	1		3	4		12	3	12
20.10.2015 23:12:50	296	1	10	21	5	3			3		5				3		5			2							3		5		1						1							2						2					1						1							2					1						1						1						1							2					1						1						1						1						1						1	5	1	3	4	5	3	4	4	4	4	5	5	5	5	1	1	5	5	1	1	1	5	1	4	1	1	1	1	2	1		3	4		1	1	1
21.10.2015 00:06:40	297	1	7	11	3	3		2						2					1						1						1						1						1							2					1							2						2					1						1						1						1						1						1						1						1						1								3				1	4	3	2	3	5	4	4	3	3	3	4	5	4	3	3	3	5	2	2	3	1	2	1	2	4	4	4	2	4			3	4		12	6	6
21.10.2015 07:22:57	298	1	9	9	3	3								2																																				2																																																																																			1	4	2	3	4	5	4	3	3	2	3	4	3	4	3	4	3	5	2	2	2	1	1	3	4	5	4	4	4	2			3	4		10	4	10
21.10.2015 07:34:24	299	1	8	16	3	3	1						1						1						1						1						1						1							2					1							2						2					1						1						1						1							2					1						1						1							2						2					1	4	3	3	4	4	4	3	4	3	3	5	4	4	3	3	3	5	3	4	2	2	2	2	4	3	2	1	2	4			3	4		10	10	10
21.10.2015 07:48:15	300	1	6	5	4	2		2							3					2							3				1						1						1							2						2						2						2					1						1						1						1						1						1						1						1						1								3				1	3	2	3	3	4	4	3	3	3	3	4	3	3	3	2	3	3	3	4	3	3	2	2	5	2	1	2	2	2	1					99	9	99
21.10.2015 07:54:34	301	1	12	25	3	3	1						1						1						1						1						1											6		2					1						1							2					1						1						1						1							2						2					1						1							2						2					1	4	3	3	4	4	3	2	4	2	4	5	5	5	4	3	3	5	4	4	1	2	4	1	4	1	1	1	1	5	1		3	4	5	1	1	1
21.10.2015 08:38:27	302	1	9	7	2	3				4				2						2												2							3											2																		2																																																																	1	4	4	2	2	4	4	2	2	2	4	4	2	4	2	4	2	5	4	5	4	2	4	4	4	4	2	4	4	2		2	3	4		2	2	2
21.10.2015 08:53:58	303	2	10	28	3	4		2						2																		2													3					2						2						2						2																																																						2						2					1	5	3	3	4	5	3	3	3	3	4	5	5	5	5	4	4	5	4	4	1	2	4	4	4	1	1	1	1	5			3	4		4	4	4
21.10.2015 09:02:55	304	1	7	12	4	3	1						1							2					1						1						1						1							2					1							2						2					1						1							2					1							2					1						1								3				1								3				1	3	2	3	1	4	4	3	2	1	2	4	2	3	2	3	3	5	2	3	3	1	4	2	4	5	4	4	4	2			3	4		18	12	18
21.10.2015 09:13:12	305	1	9	15	4	3		2						2			5	6	1						1						1							2						2						2					1							2						2					1						1						1						1							2						2					1						1							2	3					2	3				1	4	3	3	3	5	3	4	4	3	3	5	3	3	4	3	2	4	4	2	1	2	1	1	4	1	1	1	1	3	1			4		10	6	10
21.10.2015 09:29:45	306	1	9	23	4	3																																																																																																																															1	2	1	2	2	4	2	2	2	1	2	4	1	2	2	1	1	4	3	4	2	1	4	4	4	4	1	2	4	2			3			20	10	20
21.10.2015 09:37:58	307	1	9	22	4	3		2						2					1							2					1						1							2						2						2						2						2						2					1							2					1							2						2					1							2						2						2					2	4	3	3	2	2	4	3	2	3	2	3	2	3	4	3	3	2	2	3	2	4	3	2	2	3	1	1	5	3	1		3			24	12	24
21.10.2015 10:01:44	308	1	9	20	4	3			3					2							3					2					1						1							2						2					1						1						1						1						1						1						1							2					1						1						1						1							2					1	3	3	2	3	4	4	3	3	3	3	4	4	4	3	3	1	5	3	4	3	2	5	4	5	2	1	2	4	4				4		0	24	0
21.10.2015 10:15:24	309	1	8	13	4	3		2						2					1										5		1						1						1							2						2						2						2					1												1						1							2						2					1						1							2						2					1	3	2	3	3	5	4	5	4	4	5	5	4	5	4	4	3	5	4	5	3	3	2	2	5	2	1	1	1	5	1	2	3	4		20	1	20
21.10.2015 10:11:02	310	1	8	6	4	3		2						2						2					1						1						1						1							2						2						2						2					1						1						1						1							2					1						1						1							2							3				1	4	3	4	4	5	4	3	3	3	3	5	4	3	3	4	3	5	3	2	3	1	1	2	4	5	2	4	4	3		2	3	4		10	10	10
21.10.2015 10:24:15	311	1	9	23	3	3			3		5			2						2						2					1						1							2						2						2					1							2					1						1						1						1						1						1						1						1						1							2					1	3	1	3	3	4	4	4	2	3	4	4	3	5	4	3	3	4	4	5	2	2	4	4	4	1	1	1	1	3		2	3	4		1	1	1
21.10.2015 10:27:11	312	2	7	10	4	3		2						2						2							3			6		2						2						2						2						2						2						2					1							2					1						1							2					1						1						1							2						2					1	4	3	3	3	3	3	3	2	3	3	4	3	4	3	4	3	3	3	2	3	1	2	3	4	4	1	3	4	4			3	4		1	1	1
21.10.2015 10:39:37	313	1	9	6	3	3		2						2					1						1							2					1						1							2					1						1							2					1						1						1						1						1						1						1						1						1							2					1	4	3	5	3	4	5	4	3	3	3	4	4	4	4	3	3	4	5	3	3	1	5	3	4	2	1	2	2	5			3	4		3	3	3
21.10.2015 11:02:30	314	1	7	3	6	3		2						2						2					1							2					1							2						2					1							2						2					1						1						1						1						1						1						1						1						1							2					1	4	2	2	4	4	4	3	3	3	2	4	4	4	3	2	2	4	3	4	1	2	3	2	4	3	4	1	2	2		2	3	4		10	2	10
21.10.2015 11:11:28	315	2	11	34	3	3																																																																																																																															1	2	2	2	2	4	2	2	2	2	3	4	4	2	2	4	2	4	3	4	2	1	2	4	4	2	1	2	2	4	1		3			2	2	12
21.10.2015 11:36:14	316	1	11	35	3	3		2								4	5			2								4	5	6																				2																																																																								2						2					2	5	3	3	4	5	5	4	3	4	4	5	5	5	4	3	3	5	5	5	2	3	4	1	4	1	1	1	2	4	1					1	1	1
21.10.2015 15:48:36	317	1	8	20	3	3																																												2																		2																																																												2					1	4	3	4	3	4	4	3	3	3	3	4	3	4	3	2	4	4	4	3	2	2	5	2	4	3	4	2	3	4		2	3	4		10	1	3
																																																																																																																																																																										
																																																																																																																																																																										
		1 = Nainen	2 = -15		2 = 1-2	1 = Työnantajani suositteli vahvasti	1 = 1. En ole koskaan kuullut tästä kielestä																																																																																																																														1 = Ei	1 = 1 = Täysin eri mieltä																													1 = ”vaikka paikalla ei olisi ketään ohjeistamassa”							
		2 = Mies	3 = 16-19		3 = 3-6	2 = Työtoverini suositteli kurssia	2 = 2. Olen kuullut tästä kielestä																																																																																																																														2 = Ei, mutta olen opiskellut itsenäisesti	2 = 2 = Osittain eri mieltä																													2 = ”jos voin soittaa apua ongelmatapauksissa”							
			4 = 20-24		4 = 7-9	3 = Löysin kurssin itse ja kiinnostuin	3 = 3. Olen käyttänyt tätä kieltä viimeisen 3 vuoden aikana																																																																																																																														3 = Kyllä	3 = 3 = En osaa sanoa																													3 = ”jos minulla on runsaasti aikaa perehtyä ongelmaan”							
			5 = 25-29		5 = muu	4 = Jokin muu syy	4 = 4. Harrastan ohjelmointia tällä kielellä																																																																																																																															4 = 4 = Osittain samaa mieltä																													4 = ”jos minulla on käytettävissäni apua tai tukea”							
			6 = 30-34		6 = en opeta peruskoulussa		5 = 5. Voisin opettaa oppilaille tätä kieltä																																																																																																																															5 = 5 = Täysin samaa mieltä																													5 = ei mikään ylläolevista lauseista							
			7 = 35-39				6 = 6. Voisin opettaa toisille opettajille tätä kieltä																																																																																																																																																																			
			8 = 40-44																																																																																																																																																																							
			9 = 45-50																																																																																																																																																																							
			10 = 50-54																																																																																																																																																																							
			11 = 55-59																																																																																																																																																																							
			12 = 60-64																																																																																																																																																																							
			13 = 65-69																																																																																																																																																																							
			14 = 70+																																																																																																																																																																							
			15 = 70+																																																																																																																																																																							
